2026-08-10 19:53:05,128 INFO Skipping 4 domain(s) benched by earlier runs: rochdaleafc.co.uk, rochdaleafccommunity.org, visitrochdale.com, yourtrustrochdale.co.uk
2026-08-10 19:53:05,129 INFO Starting Rochdale Daily 15-minute pipeline
2026-08-10 19:53:05,749 WARNING Dropped editorially removed story from retained feed: Videos raise hygiene concerns at one-star Halifax Road halal meat shop
2026-08-10 19:53:58,185 INFO X social correlation inactive: add the X_BEARER_TOKEN GitHub secret.
2026-08-10 19:53:58,185 INFO Facebook comment correlation inactive: add the FACEBOOK_PAGE_ACCESS_TOKEN secret with the required Page access.
2026-08-10 19:53:58,186 INFO Reading RSS: BBC Manchester
2026-08-10 19:53:58,581 INFO Raw entries for BBC Manchester: 24
2026-08-10 19:54:02,928 INFO Reading RSS: Manchester Evening News — Rochdale
2026-08-10 19:54:03,226 INFO Raw entries for Manchester Evening News — Rochdale: 0
2026-08-10 19:54:03,226 INFO Reading RSS: Greater Manchester Fire and Rescue Service
2026-08-10 19:54:04,016 WARNING RSS warning for Greater Manchester Fire and Rescue Service: <unknown>:27:42: not well-formed (invalid token)
2026-08-10 19:54:04,017 INFO Raw entries for Greater Manchester Fire and Rescue Service: 0
2026-08-10 19:54:04,017 INFO Reading RSS: Rochdale AFC
2026-08-10 19:54:10,265 INFO Raw entries for Rochdale AFC: 0
2026-08-10 19:54:10,265 INFO Reading RSS: Google News — priority:reform-rochdale
2026-08-10 19:54:12,055 INFO Raw entries for Google News — priority:reform-rochdale: 0
2026-08-10 19:54:12,055 INFO Reading RSS: Google News — priority:reform-rochdale-local
2026-08-10 19:54:13,953 INFO Raw entries for Google News — priority:reform-rochdale-local: 52
2026-08-10 19:54:14,648 INFO Blocked prohibited source: TikTok
2026-08-10 19:54:15,301 INFO Blocked prohibited source: TikTok
2026-08-10 19:54:22,280 INFO Blocked prohibited source: TikTok
2026-08-10 19:54:24,930 INFO Reading RSS: Google News — priority:restore-rochdale
2026-08-10 19:54:26,611 INFO Raw entries for Google News — priority:restore-rochdale: 0
2026-08-10 19:54:26,611 INFO Reading RSS: Google News — priority:workers-party-rochdale
2026-08-10 19:54:28,303 INFO Raw entries for Google News — priority:workers-party-rochdale: 0
2026-08-10 19:54:28,304 INFO Reading RSS: Google News — priority:labour-rochdale
2026-08-10 19:54:29,998 INFO Raw entries for Google News — priority:labour-rochdale: 0
2026-08-10 19:54:29,998 INFO Reading RSS: Google News — priority:libdem-rochdale
2026-08-10 19:54:31,705 INFO Raw entries for Google News — priority:libdem-rochdale: 0
2026-08-10 19:54:31,705 INFO Reading RSS: Google News — priority:green-rochdale
2026-08-10 19:54:33,416 INFO Raw entries for Google News — priority:green-rochdale: 0
2026-08-10 19:54:33,416 INFO Reading RSS: Google News — priority:conservative-rochdale
2026-08-10 19:54:35,095 INFO Raw entries for Google News — priority:conservative-rochdale: 0
2026-08-10 19:54:35,095 INFO Reading RSS: Google News — priority:planning-rochdale
2026-08-10 19:54:37,220 INFO Raw entries for Google News — priority:planning-rochdale: 100
2026-08-10 19:54:52,813 WARNING Retrying (Retry(total=1, connect=2, read=0, redirect=None, status=None)) after connection broken by 'ReadTimeoutError("HTTPSConnectionPool(host='www.totaljobs.com', port=443): Read timed out. (read timeout=12)")': /
2026-08-10 19:55:07,356 INFO robots.txt declined direct fetch; relying on RSS, indexed search results or authorised APIs instead: https://www.glassdoor.co.uk
2026-08-10 19:55:08,030 INFO robots.txt declined direct fetch; relying on RSS, indexed search results or authorised APIs instead: https://www.linkedin.com
2026-08-10 19:55:09,320 INFO Blocked prohibited source: Rochdale Times
2026-08-10 19:55:11,024 INFO robots.txt declined direct fetch; relying on RSS, indexed search results or authorised APIs instead: https://uk.linkedin.com
2026-08-10 19:55:21,149 INFO Blocked prohibited source: TikTok
2026-08-10 19:55:21,839 INFO robots.txt declined direct fetch; relying on RSS, indexed search results or authorised APIs instead: https://www.prolificnorth.co.uk
2026-08-10 19:55:22,273 INFO Reading RSS: Google News — priority:planning-council
2026-08-10 19:55:23,970 INFO Raw entries for Google News — priority:planning-council: 2
2026-08-10 19:55:26,384 INFO Reading RSS: Google News — priority:crime-fast
2026-08-10 19:55:28,107 INFO Raw entries for Google News — priority:crime-fast: 2
2026-08-10 19:55:28,108 INFO Reading RSS: Google News — priority:crime-web
2026-08-10 19:55:30,247 INFO Raw entries for Google News — priority:crime-web: 100
2026-08-10 19:55:42,406 INFO Blocked prohibited source: Rochdale Times
2026-08-10 19:55:51,886 INFO Reading RSS: Google News — priority:water
2026-08-10 19:55:53,998 INFO Raw entries for Google News — priority:water: 100
2026-08-10 19:56:12,887 INFO Reading RSS: Google News — priority:power
2026-08-10 19:56:14,961 INFO Raw entries for Google News — priority:power: 100
2026-08-10 19:56:17,232 INFO Resolved Google News item to publisher via <source>: Manchester Evening News -> https://www.manchestereveningnews.co.uk/whats-on/music-nightlife-news/electro-pop-pioneers-omd-make-34425018
2026-08-10 19:56:33,679 INFO Reading RSS: Google News — priority:roads
2026-08-10 19:56:35,761 INFO Raw entries for Google News — priority:roads: 100
2026-08-10 19:56:51,654 INFO Blocked prohibited source: YouTube
2026-08-10 19:56:55,460 INFO Reading RSS: Google News — priority:environment
2026-08-10 19:56:57,357 INFO Raw entries for Google News — priority:environment: 2
2026-08-10 19:56:57,964 INFO Reading RSS: Google News — official-gmp:1
2026-08-10 19:56:59,715 INFO Raw entries for Google News — official-gmp:1: 0
2026-08-10 19:56:59,715 INFO Reading RSS: Google News — official-gmp:2
2026-08-10 19:57:01,485 INFO Raw entries for Google News — official-gmp:2: 0
2026-08-10 19:57:01,485 INFO Reading RSS: Google News — official-gmp:3
2026-08-10 19:57:03,174 INFO Raw entries for Google News — official-gmp:3: 0
2026-08-10 19:57:03,174 INFO Reading RSS: Google News — official-gmp:4
2026-08-10 19:57:04,878 INFO Raw entries for Google News — official-gmp:4: 0
2026-08-10 19:57:04,878 INFO Reading RSS: Google News — always-traffic:1
2026-08-10 19:57:07,055 INFO Raw entries for Google News — always-traffic:1: 100
2026-08-10 19:57:19,355 INFO Blocked prohibited source: Reddit
2026-08-10 19:57:27,936 INFO Reading RSS: Google News — always-traffic:2
2026-08-10 19:57:29,853 INFO Raw entries for Google News — always-traffic:2: 100
2026-08-10 19:57:36,667 INFO Blocked prohibited source: Reddit
2026-08-10 19:57:50,761 INFO Reading RSS: Google News — always-traffic:3
2026-08-10 19:57:52,937 INFO Raw entries for Google News — always-traffic:3: 100
2026-08-10 19:58:13,166 INFO Reading RSS: Google News — always-traffic:4
2026-08-10 19:58:14,894 INFO Raw entries for Google News — always-traffic:4: 0
2026-08-10 19:58:14,894 INFO Reading RSS: Google News — always-traffic:5
2026-08-10 19:58:16,580 INFO Raw entries for Google News — always-traffic:5: 0
2026-08-10 19:58:16,580 INFO Reading RSS: Google News — civic:council-actions
2026-08-10 19:58:18,281 INFO Raw entries for Google News — civic:council-actions: 0
2026-08-10 19:58:18,281 INFO Reading RSS: Google News — civic:paul-waugh
2026-08-10 19:58:20,010 INFO Raw entries for Google News — civic:paul-waugh: 8
2026-08-10 19:58:21,995 INFO Reading RSS: Google News — civic:paul-waugh-parliament
2026-08-10 19:58:23,673 INFO Raw entries for Google News — civic:paul-waugh-parliament: 0
2026-08-10 19:58:23,673 INFO Reading RSS: Google News — civic:paul-waugh-hansard
2026-08-10 19:58:25,352 INFO Raw entries for Google News — civic:paul-waugh-hansard: 0
2026-08-10 19:58:25,352 INFO Reading RSS: Google News — civic:hansard-rochdale
2026-08-10 19:58:27,047 INFO Raw entries for Google News — civic:hansard-rochdale: 0
2026-08-10 19:58:27,047 INFO Reading RSS: Google News — civic:paul-waugh-constituency
2026-08-10 19:58:28,763 INFO Raw entries for Google News — civic:paul-waugh-constituency: 0
2026-08-10 19:58:28,763 INFO Reading RSS: Google News — councillor:Andy Kelly
2026-08-10 19:58:30,560 INFO Raw entries for Google News — councillor:Andy Kelly: 8
2026-08-10 19:58:30,562 INFO Blocked prohibited source: sis.org.uk
2026-08-10 19:58:30,564 INFO Reading RSS: Google News — councillor:Waqar Khan
2026-08-10 19:58:32,354 INFO Raw entries for Google News — councillor:Waqar Khan: 0
2026-08-10 19:58:32,355 INFO Reading RSS: Google News — councillor:Mohammed Khizer
2026-08-10 19:58:34,188 INFO Raw entries for Google News — councillor:Mohammed Khizer: 0
2026-08-10 19:58:34,188 INFO Reading RSS: Google News — councillor:Rachel Massey
2026-08-10 19:58:35,999 INFO Raw entries for Google News — councillor:Rachel Massey: 10
2026-08-10 19:58:36,001 INFO Blocked prohibited source: sis.org.uk
2026-08-10 19:58:36,001 INFO Blocked prohibited source: Rochdale Times
2026-08-10 19:58:36,002 INFO Blocked prohibited source: sis.org.uk
2026-08-10 19:58:36,003 INFO Reading RSS: Google News — councillor:Daniel Meredith
2026-08-10 19:58:37,781 INFO Raw entries for Google News — councillor:Daniel Meredith: 9
2026-08-10 19:58:37,784 INFO Reading RSS: Google News — councillor:Amna Mir
2026-08-10 19:58:39,633 INFO Raw entries for Google News — councillor:Amna Mir: 1
2026-08-10 19:58:39,633 INFO Reading RSS: Google News — councillor:Amber Nisa
2026-08-10 19:58:41,398 INFO Raw entries for Google News — councillor:Amber Nisa: 1
2026-08-10 19:58:41,398 INFO Reading RSS: Google News — councillor:Paul O'Neill
2026-08-10 19:58:43,221 INFO Raw entries for Google News — councillor:Paul O'Neill: 4
2026-08-10 19:58:43,222 INFO Reading RSS: Google News — councillor:Matthew Pilkington
2026-08-10 19:58:45,041 INFO Raw entries for Google News — councillor:Matthew Pilkington: 0
2026-08-10 19:58:45,041 INFO Reading RSS: Google News — councillor:Bev Place
2026-08-10 19:58:46,850 INFO Raw entries for Google News — councillor:Bev Place: 3
2026-08-10 19:58:47,132 INFO Reading RSS: Google News — councillor:Steve Potter
2026-08-10 19:58:48,941 INFO Raw entries for Google News — councillor:Steve Potter: 0
2026-08-10 19:58:48,941 INFO Reading RSS: Google News — councillor:Faisal Rana
2026-08-10 19:58:51,000 INFO Raw entries for Google News — councillor:Faisal Rana: 9
2026-08-10 19:58:51,242 INFO Reading RSS: Google News — councillor:Aasim Rashid
2026-08-10 19:58:53,014 INFO Raw entries for Google News — councillor:Aasim Rashid: 3
2026-08-10 19:58:53,016 INFO Reading RSS: Google News — councillor:Aiza Rashid
2026-08-10 19:58:54,815 INFO Raw entries for Google News — councillor:Aiza Rashid: 0
2026-08-10 19:58:54,815 INFO Reading RSS: Google News — councillor:Linda Robinson
2026-08-10 19:58:56,608 INFO Raw entries for Google News — councillor:Linda Robinson: 1
2026-08-10 19:58:56,609 INFO Reading RSS: Google News — councillor:Mohammed Shafiq
2026-08-10 19:58:58,383 INFO Raw entries for Google News — councillor:Mohammed Shafiq: 2
2026-08-10 19:58:58,384 INFO Reading RSS: Google News — councillor:Angela Smith
2026-08-10 19:59:00,231 INFO Raw entries for Google News — councillor:Angela Smith: 1
2026-08-10 19:59:00,232 INFO Reading RSS: Google News — councillor:Susan Smith
2026-08-10 19:59:02,069 INFO Raw entries for Google News — councillor:Susan Smith: 3
2026-08-10 19:59:02,071 INFO Reading RSS: Google News — councillor:Terry Smith
2026-08-10 19:59:03,859 INFO Raw entries for Google News — councillor:Terry Smith: 0
2026-08-10 19:59:03,859 INFO Reading RSS: Google News — councillor:Mark Stephens
2026-08-10 19:59:05,637 INFO Raw entries for Google News — councillor:Mark Stephens: 0
2026-08-10 19:59:05,637 INFO Reading RSS: Google News — councillor:Jordan Tarrant-Short
2026-08-10 19:59:07,432 INFO Raw entries for Google News — councillor:Jordan Tarrant-Short: 3
2026-08-10 19:59:07,433 INFO Reading RSS: Google News — councillor:John Taylor
2026-08-10 19:59:09,235 INFO Raw entries for Google News — councillor:John Taylor: 10
2026-08-10 19:59:09,236 INFO Blocked prohibited source: sis.org.uk
2026-08-10 19:59:09,238 INFO Reading RSS: Google News — councillor:Trevor Taylor
2026-08-10 19:59:11,002 INFO Raw entries for Google News — councillor:Trevor Taylor: 0
2026-08-10 19:59:11,002 INFO Reading RSS: Google News — councillor:Carol Wardle
2026-08-10 19:59:12,818 INFO Raw entries for Google News — councillor:Carol Wardle: 5
2026-08-10 19:59:12,820 INFO Reading RSS: Google News — councillor:Shah Wazir
2026-08-10 19:59:14,604 INFO Raw entries for Google News — councillor:Shah Wazir: 10
2026-08-10 19:59:14,842 INFO Resolved Google News item to publisher via <source>: Manchester Evening News -> https://www.manchestereveningnews.co.uk/news/wildfire-warning-fireworks-rochdale-nature-34398717
2026-08-10 19:59:14,844 INFO Reading RSS: Google News — councillor:June West
2026-08-10 19:59:16,634 INFO Raw entries for Google News — councillor:June West: 3
2026-08-10 19:59:16,635 INFO Blocked prohibited source: sis.org.uk
2026-08-10 19:59:16,636 INFO Reading RSS: Google News — councillor:Dylan James Williams
2026-08-10 19:59:18,420 INFO Raw entries for Google News — councillor:Dylan James Williams: 0
2026-08-10 19:59:18,420 INFO Reading RSS: Google News — councillor:Peter Winkler
2026-08-10 19:59:20,203 INFO Raw entries for Google News — councillor:Peter Winkler: 5
2026-08-10 19:59:20,204 INFO Blocked prohibited source: sis.org.uk
2026-08-10 19:59:20,205 INFO Blocked prohibited source: PressReader
2026-08-10 19:59:20,206 INFO Reading RSS: Google News — councillor:Lee Wolf
2026-08-10 19:59:22,001 INFO Raw entries for Google News — councillor:Lee Wolf: 2
2026-08-10 19:59:22,002 INFO Reading RSS: Google News — councillor:Sameena Zaheer
2026-08-10 19:59:23,825 INFO Raw entries for Google News — councillor:Sameena Zaheer: 1
2026-08-10 19:59:23,980 INFO robots.txt declined direct fetch; relying on RSS, indexed search results or authorised APIs instead: https://www.groundwork.org.uk/greatermanchester/latest/
2026-08-10 19:59:23,980 WARNING Discovery page failed for Groundwork Greater Manchester (https://www.groundwork.org.uk/greatermanchester/latest/): robots.txt does not permit fetching https://www.groundwork.org.uk/greatermanchester/latest/
2026-08-10 19:59:23,980 INFO robots.txt declined direct fetch; relying on RSS, indexed search results or authorised APIs instead: https://www.groundwork.org.uk/greatermanchester/latest/?query-6-page=2
2026-08-10 19:59:23,980 WARNING Discovery page failed for Groundwork Greater Manchester (https://www.groundwork.org.uk/greatermanchester/latest/?query-6-page=2): robots.txt does not permit fetching https://www.groundwork.org.uk/greatermanchester/latest/?query-6-page=2
2026-08-10 19:59:23,980 INFO Discovering pages: Groundwork Greater Manchester (0 links)
2026-08-10 19:59:24,429 INFO Discovering pages: What's Occurrin' Events (7 links)
2026-08-10 19:59:24,643 INFO Skipping visitrochdale.com: benched by an earlier run after repeated timeouts.
2026-08-10 19:59:24,643 WARNING Discovery page failed for Visit Rochdale (https://www.visitrochdale.com/whats-on): visitrochdale.com is benched after failing in an earlier run
2026-08-10 19:59:24,647 INFO Discovering pages: Visit Rochdale (0 links)
2026-08-10 19:59:24,860 INFO Discovering pages: Rochdale Council Your Events (10 links)
2026-08-10 19:59:24,916 WARNING Browser render failed for https://www.rochdalecreates.co.uk/whats-on: BrowserType.launch: Executable doesn't exist at /home/runner/.cache/ms-playwright/chromium_headless_shell-1234/chrome-headless-shell-linux64/chrome-headless-shell
╔════════════════════════════════════════════════════════════╗
║ Looks like Playwright was just installed or updated.       ║
║ Please run the following command to download new browsers: ║
║                                                            ║
║     playwright install                                     ║
║                                                            ║
║ <3 Playwright Team                                         ║
╚════════════════════════════════════════════════════════════╝
2026-08-10 19:59:24,916 WARNING Discovery page failed for Rochdale Creates What's On (https://www.rochdalecreates.co.uk/whats-on): BrowserType.launch: Executable doesn't exist at /home/runner/.cache/ms-playwright/chromium_headless_shell-1234/chrome-headless-shell-linux64/chrome-headless-shell
╔════════════════════════════════════════════════════════════╗
║ Looks like Playwright was just installed or updated.       ║
║ Please run the following command to download new browsers: ║
║                                                            ║
║     playwright install                                     ║
║                                                            ║
║ <3 Playwright Team                                         ║
╚════════════════════════════════════════════════════════════╝
2026-08-10 19:59:24,918 INFO Discovering pages: Rochdale Creates What's On (0 links)
2026-08-10 19:59:24,919 WARNING Browser render failed for https://www.rochdalecreates.co.uk/news: BrowserType.launch: Executable doesn't exist at /home/runner/.cache/ms-playwright/chromium_headless_shell-1234/chrome-headless-shell-linux64/chrome-headless-shell
╔════════════════════════════════════════════════════════════╗
║ Looks like Playwright was just installed or updated.       ║
║ Please run the following command to download new browsers: ║
║                                                            ║
║     playwright install                                     ║
║                                                            ║
║ <3 Playwright Team                                         ║
╚════════════════════════════════════════════════════════════╝
2026-08-10 19:59:24,919 WARNING Discovery page failed for Rochdale Creates News (https://www.rochdalecreates.co.uk/news): BrowserType.launch: Executable doesn't exist at /home/runner/.cache/ms-playwright/chromium_headless_shell-1234/chrome-headless-shell-linux64/chrome-headless-shell
╔════════════════════════════════════════════════════════════╗
║ Looks like Playwright was just installed or updated.       ║
║ Please run the following command to download new browsers: ║
║                                                            ║
║     playwright install                                     ║
║                                                            ║
║ <3 Playwright Team                                         ║
╚════════════════════════════════════════════════════════════╝
2026-08-10 19:59:24,919 INFO Discovering pages: Rochdale Creates News (0 links)
2026-08-10 19:59:25,124 INFO Skipping yourtrustrochdale.co.uk: benched by an earlier run after repeated timeouts.
2026-08-10 19:59:25,125 WARNING Discovery page failed for Your Trust Rochdale News (https://www.yourtrustrochdale.co.uk/news/): yourtrustrochdale.co.uk is benched after failing in an earlier run
2026-08-10 19:59:25,125 INFO Discovering pages: Your Trust Rochdale News (0 links)
2026-08-10 19:59:25,245 INFO robots.txt declined direct fetch; relying on RSS, indexed search results or authorised APIs instead: https://news.tfgm.com/
2026-08-10 19:59:25,245 WARNING Discovery page failed for TfGM Newsroom (https://news.tfgm.com/): robots.txt does not permit fetching https://news.tfgm.com/
2026-08-10 19:59:25,246 INFO Discovering pages: TfGM Newsroom (0 links)
2026-08-10 19:59:25,272 INFO Discovering pages: Rochdale Development Agency (11 links)
2026-08-10 19:59:25,355 INFO Discovering pages: Rochdale Borough Council News (21 links)
2026-08-10 19:59:25,438 INFO robots.txt declined direct fetch; relying on RSS, indexed search results or authorised APIs instead: https://www.northernrailway.co.uk/service-updates
2026-08-10 19:59:25,438 WARNING Discovery page failed for Northern Service Updates (https://www.northernrailway.co.uk/service-updates): robots.txt does not permit fetching https://www.northernrailway.co.uk/service-updates
2026-08-10 19:59:25,438 INFO Discovering pages: Northern Service Updates (0 links)
2026-08-10 19:59:25,487 INFO robots.txt declined direct fetch; relying on RSS, indexed search results or authorised APIs instead: https://www.gmp.police.uk/news/news-search/?ct=News&fdte=&page=1&tdte=
2026-08-10 19:59:25,487 WARNING Discovery page failed for Greater Manchester Police (https://www.gmp.police.uk/news/news-search/?ct=News&fdte=&page=1&tdte=): robots.txt does not permit fetching https://www.gmp.police.uk/news/news-search/?ct=News&fdte=&page=1&tdte=
2026-08-10 19:59:25,487 INFO robots.txt declined direct fetch; relying on RSS, indexed search results or authorised APIs instead: https://www.gmp.police.uk/news/news-search/?ct=News&fdte=&page=2&tdte=
2026-08-10 19:59:25,487 WARNING Discovery page failed for Greater Manchester Police (https://www.gmp.police.uk/news/news-search/?ct=News&fdte=&page=2&tdte=): robots.txt does not permit fetching https://www.gmp.police.uk/news/news-search/?ct=News&fdte=&page=2&tdte=
2026-08-10 19:59:25,487 INFO robots.txt declined direct fetch; relying on RSS, indexed search results or authorised APIs instead: https://www.gmp.police.uk/news/news-search/?ct=News&fdte=&page=3&tdte=
2026-08-10 19:59:25,488 WARNING Discovery page failed for Greater Manchester Police (https://www.gmp.police.uk/news/news-search/?ct=News&fdte=&page=3&tdte=): robots.txt does not permit fetching https://www.gmp.police.uk/news/news-search/?ct=News&fdte=&page=3&tdte=
2026-08-10 19:59:25,488 INFO robots.txt declined direct fetch; relying on RSS, indexed search results or authorised APIs instead: https://www.gmp.police.uk/news/news-search/?ct=News&fdte=&page=4&tdte=
2026-08-10 19:59:25,488 WARNING Discovery page failed for Greater Manchester Police (https://www.gmp.police.uk/news/news-search/?ct=News&fdte=&page=4&tdte=): robots.txt does not permit fetching https://www.gmp.police.uk/news/news-search/?ct=News&fdte=&page=4&tdte=
2026-08-10 19:59:25,488 INFO robots.txt declined direct fetch; relying on RSS, indexed search results or authorised APIs instead: https://www.gmp.police.uk/news/news-search/?ct=News&fdte=&page=5&tdte=
2026-08-10 19:59:25,488 WARNING Discovery page failed for Greater Manchester Police (https://www.gmp.police.uk/news/news-search/?ct=News&fdte=&page=5&tdte=): robots.txt does not permit fetching https://www.gmp.police.uk/news/news-search/?ct=News&fdte=&page=5&tdte=
2026-08-10 19:59:25,488 INFO robots.txt declined direct fetch; relying on RSS, indexed search results or authorised APIs instead: https://www.gmp.police.uk/news/news-search/?ct=News&fdte=&page=6&tdte=
2026-08-10 19:59:25,488 WARNING Discovery page failed for Greater Manchester Police (https://www.gmp.police.uk/news/news-search/?ct=News&fdte=&page=6&tdte=): robots.txt does not permit fetching https://www.gmp.police.uk/news/news-search/?ct=News&fdte=&page=6&tdte=
2026-08-10 19:59:25,488 INFO robots.txt declined direct fetch; relying on RSS, indexed search results or authorised APIs instead: https://www.gmp.police.uk/news/news-search/?ct=News&fdte=&page=7&tdte=
2026-08-10 19:59:25,488 WARNING Discovery page failed for Greater Manchester Police (https://www.gmp.police.uk/news/news-search/?ct=News&fdte=&page=7&tdte=): robots.txt does not permit fetching https://www.gmp.police.uk/news/news-search/?ct=News&fdte=&page=7&tdte=
2026-08-10 19:59:25,488 INFO robots.txt declined direct fetch; relying on RSS, indexed search results or authorised APIs instead: https://www.gmp.police.uk/news/news-search/?ct=News&fdte=&page=8&tdte=
2026-08-10 19:59:25,488 WARNING Discovery page failed for Greater Manchester Police (https://www.gmp.police.uk/news/news-search/?ct=News&fdte=&page=8&tdte=): robots.txt does not permit fetching https://www.gmp.police.uk/news/news-search/?ct=News&fdte=&page=8&tdte=
2026-08-10 19:59:25,488 INFO robots.txt declined direct fetch; relying on RSS, indexed search results or authorised APIs instead: https://www.gmp.police.uk/news/news-search/?ct=Appeals&fdte=&page=1&tdte=
2026-08-10 19:59:25,488 WARNING Discovery page failed for Greater Manchester Police (https://www.gmp.police.uk/news/news-search/?ct=Appeals&fdte=&page=1&tdte=): robots.txt does not permit fetching https://www.gmp.police.uk/news/news-search/?ct=Appeals&fdte=&page=1&tdte=
2026-08-10 19:59:25,488 INFO robots.txt declined direct fetch; relying on RSS, indexed search results or authorised APIs instead: https://www.gmp.police.uk/news/news-search/?ct=Appeals&fdte=&page=2&tdte=
2026-08-10 19:59:25,488 WARNING Discovery page failed for Greater Manchester Police (https://www.gmp.police.uk/news/news-search/?ct=Appeals&fdte=&page=2&tdte=): robots.txt does not permit fetching https://www.gmp.police.uk/news/news-search/?ct=Appeals&fdte=&page=2&tdte=
2026-08-10 19:59:25,488 INFO robots.txt declined direct fetch; relying on RSS, indexed search results or authorised APIs instead: https://www.gmp.police.uk/news/news-search/?ct=Appeals&fdte=&page=3&tdte=
2026-08-10 19:59:25,488 WARNING Discovery page failed for Greater Manchester Police (https://www.gmp.police.uk/news/news-search/?ct=Appeals&fdte=&page=3&tdte=): robots.txt does not permit fetching https://www.gmp.police.uk/news/news-search/?ct=Appeals&fdte=&page=3&tdte=
2026-08-10 19:59:25,489 INFO robots.txt declined direct fetch; relying on RSS, indexed search results or authorised APIs instead: https://www.gmp.police.uk/news/news-search/?ct=Appeals&fdte=&page=4&tdte=
2026-08-10 19:59:25,489 WARNING Discovery page failed for Greater Manchester Police (https://www.gmp.police.uk/news/news-search/?ct=Appeals&fdte=&page=4&tdte=): robots.txt does not permit fetching https://www.gmp.police.uk/news/news-search/?ct=Appeals&fdte=&page=4&tdte=
2026-08-10 19:59:25,489 INFO Discovering pages: Greater Manchester Police (0 links)
2026-08-10 19:59:25,506 WARNING Discovery page failed for Greater Manchester Fire and Rescue Service (https://www.manchesterfire.gov.uk/news-events/news/): 404 Client Error: Not Found for url: https://manchesterfire.gov.uk/news-events/news/
2026-08-10 19:59:25,508 INFO Discovering pages: Greater Manchester Fire and Rescue Service (0 links)
2026-08-10 19:59:25,514 WARNING Discovery page failed for Your Trust Rochdale News Archive (https://www.yourtrustrochdale.co.uk/category/news/): yourtrustrochdale.co.uk is benched after failing in an earlier run
2026-08-10 19:59:25,514 INFO Discovering pages: Rochdale Council Events (30 links)
2026-08-10 19:59:25,516 INFO Discovering pages: Your Trust Rochdale News Archive (0 links)
2026-08-10 19:59:25,612 INFO robots.txt declined direct fetch; relying on RSS, indexed search results or authorised APIs instead: https://aboutmanchester.co.uk/?s=Rochdale
2026-08-10 19:59:25,612 WARNING Discovery page failed for About Manchester (https://aboutmanchester.co.uk/?s=Rochdale): robots.txt does not permit fetching https://aboutmanchester.co.uk/?s=Rochdale
2026-08-10 19:59:25,612 INFO Discovering pages: About Manchester (0 links)
2026-08-10 19:59:25,664 INFO robots.txt declined direct fetch; relying on RSS, indexed search results or authorised APIs instead: https://www.unitedutilities.com/emergencies/up-my-street/
2026-08-10 19:59:25,664 WARNING Discovery page failed for United Utilities Incidents (https://www.unitedutilities.com/emergencies/up-my-street/): robots.txt does not permit fetching https://www.unitedutilities.com/emergencies/up-my-street/
2026-08-10 19:59:25,665 INFO Discovering pages: United Utilities Incidents (0 links)
2026-08-10 19:59:25,779 INFO Discovering pages: Roch Valley Radio Local News (40 links)
2026-08-10 19:59:25,814 INFO robots.txt declined direct fetch; relying on RSS, indexed search results or authorised APIs instead: https://rochdaleriverside.com/news/
2026-08-10 19:59:25,814 WARNING Discovery page failed for Rochdale Riverside News (https://rochdaleriverside.com/news/): robots.txt does not permit fetching https://rochdaleriverside.com/news/
2026-08-10 19:59:25,816 INFO Discovering pages: Rochdale Riverside News (0 links)
2026-08-10 19:59:25,823 INFO Discovering pages: GMCA News (1 links)
2026-08-10 19:59:25,879 INFO Discovering pages: BBC Manchester (40 links)
2026-08-10 19:59:25,947 INFO robots.txt declined direct fetch; relying on RSS, indexed search results or authorised APIs instead: https://nationalhighways.co.uk/our-roads/north-west/north-west-maintenance-schemes/
2026-08-10 19:59:25,948 WARNING Discovery page failed for National Highways North West (https://nationalhighways.co.uk/our-roads/north-west/north-west-maintenance-schemes/): robots.txt does not permit fetching https://nationalhighways.co.uk/our-roads/north-west/north-west-maintenance-schemes/
2026-08-10 19:59:25,949 INFO Discovering pages: National Highways North West (0 links)
2026-08-10 19:59:25,962 INFO Discovering pages: Action Together Latest News (40 links)
2026-08-10 19:59:25,974 INFO Discovering pages: Action Together Rochdale News (40 links)
2026-08-10 19:59:26,037 INFO Discovering pages: Roch Valley Radio Notices (13 links)
2026-08-10 19:59:26,109 INFO Discovering pages: The Independent — Rochdale (40 links)
2026-08-10 19:59:26,451 INFO Discovering pages: Northern News (13 links)
2026-08-10 19:59:26,544 INFO Discovering pages: Rochdale Boroughwide Housing (2 links)
2026-08-10 19:59:26,817 INFO Discovering pages: Rochdale Valiant (40 links)
2026-08-10 19:59:26,865 INFO Discovering pages: TfGM Travel Alerts (3 links)
2026-08-10 19:59:27,062 WARNING Discovery page failed for Rochdale Council Webcasts (https://rochdale.public-i.tv/core/data/21235/archived/1/future/1/agenda/1/enctag/Council): Not an HTML page: text/xml;charset=UTF-8
2026-08-10 19:59:27,063 INFO Discovering pages: Rochdale Council Webcasts (0 links)
2026-08-10 19:59:27,117 INFO Discovering pages: St Cuthbert's RC High School (1 links)
2026-08-10 19:59:27,157 INFO Discovering pages: Rochdale Town Hall Events (17 links)
2026-08-10 19:59:27,198 INFO Discovering pages: Pennine Care NHS (7 links)
2026-08-10 19:59:27,239 INFO Discovering pages: Hopwood Hall College (8 links)
2026-08-10 19:59:27,467 INFO Discovering pages: Falinge Park High School (1 links)
2026-08-10 19:59:27,627 INFO Discovering pages: Rochdale Sixth Form College (0 links)
2026-08-10 19:59:27,654 INFO Skipping rochdaleafccommunity.org: benched by an earlier run after repeated timeouts.
2026-08-10 19:59:27,654 WARNING Discovery page failed for Rochdale AFC Community Trust (https://www.rochdaleafccommunity.org/news/): rochdaleafccommunity.org is benched after failing in an earlier run
2026-08-10 19:59:27,655 INFO Discovering pages: Rochdale AFC Community Trust (0 links)
2026-08-10 19:59:27,675 INFO Discovering pages: Northern Care Alliance Rochdale (9 links)
2026-08-10 19:59:27,718 INFO Discovering pages: Wardle Academy (1 links)
2026-08-10 19:59:27,745 INFO robots.txt declined direct fetch; relying on RSS, indexed search results or authorised APIs instead: https://www.hmnrconservatives.org.uk/news
2026-08-10 19:59:27,745 WARNING Discovery page failed for Heywood Middleton North and Rochdale Conservatives (https://www.hmnrconservatives.org.uk/news): robots.txt does not permit fetching https://www.hmnrconservatives.org.uk/news
2026-08-10 19:59:27,746 INFO Discovering pages: Heywood Middleton North and Rochdale Conservatives (0 links)
2026-08-10 19:59:27,887 INFO Discovering pages: Rochdale Labour (16 links)
2026-08-10 19:59:27,975 INFO Discovering pages: Rochdale Hornets (6 links)
2026-08-10 19:59:28,154 INFO Discovering pages: Edgar Wood Academy (6 links)
2026-08-10 19:59:28,298 INFO Discovering pages: Rochdale Green Party (8 links)
2026-08-10 19:59:28,508 INFO Discovering pages: Northern Care Alliance News (6 links)
2026-08-10 19:59:29,335 INFO Discovering pages: Rochdale Liberal Democrats (12 links)
2026-08-10 19:59:29,837 INFO Discovering pages: Oulder Hill Leadership Academy (5 links)
2026-08-10 19:59:29,912 INFO Skipping rochdaleafc.co.uk: benched by an earlier run after repeated timeouts.
2026-08-10 19:59:29,912 WARNING Discovery page failed for Rochdale AFC Women (https://rochdaleafc.co.uk/rochdale-afc-women-news/): rochdaleafc.co.uk is benched after failing in an earlier run
2026-08-10 19:59:29,912 INFO Discovering pages: Rochdale AFC Women (0 links)
2026-08-10 19:59:30,374 WARNING Discovery page failed for Rochdale AFC (https://rochdaleafc.co.uk/news/): rochdaleafc.co.uk is benched after failing in an earlier run
2026-08-10 19:59:30,374 INFO Discovering pages: Rochdale AFC (0 links)
2026-08-10 20:01:09,326 INFO Discovering outbound publisher links: NewsNow — Rochdale
2026-08-10 20:01:10,670 INFO Discovering outbound publisher links: Ground News — Rochdale
2026-08-10 20:01:12,005 INFO robots.txt declined direct fetch; relying on RSS, indexed search results or authorised APIs instead: https://c.newsnow.co.uk/A/1321230821?-57568:46921
2026-08-10 20:01:12,005 INFO robots.txt does not permit fetching https://c.newsnow.co.uk/A/1321230821?-57568:46921
2026-08-10 20:01:12,006 INFO robots.txt declined direct fetch; relying on RSS, indexed search results or authorised APIs instead: https://c.newsnow.co.uk/A/1321206145?-57568:46921
2026-08-10 20:01:12,006 INFO robots.txt does not permit fetching https://c.newsnow.co.uk/A/1321206145?-57568:46921
2026-08-10 20:01:12,006 INFO robots.txt declined direct fetch; relying on RSS, indexed search results or authorised APIs instead: https://c.newsnow.co.uk/A/1321188791?-57568:46921
2026-08-10 20:01:12,006 INFO robots.txt does not permit fetching https://c.newsnow.co.uk/A/1321188791?-57568:46921
2026-08-10 20:01:12,007 INFO robots.txt declined direct fetch; relying on RSS, indexed search results or authorised APIs instead: https://c.newsnow.co.uk/A/1321315184?-57568:46921
2026-08-10 20:01:12,008 INFO robots.txt declined direct fetch; relying on RSS, indexed search results or authorised APIs instead: https://c.newsnow.co.uk/A/1321160940?-57568:46921
2026-08-10 20:01:12,008 INFO robots.txt does not permit fetching https://c.newsnow.co.uk/A/1321315184?-57568:46921
2026-08-10 20:01:12,008 INFO robots.txt does not permit fetching https://c.newsnow.co.uk/A/1321160940?-57568:46921
2026-08-10 20:01:12,008 INFO robots.txt declined direct fetch; relying on RSS, indexed search results or authorised APIs instead: https://c.newsnow.co.uk/A/1321156665?-57568:46921
2026-08-10 20:01:12,008 INFO robots.txt declined direct fetch; relying on RSS, indexed search results or authorised APIs instead: https://c.newsnow.co.uk/A/1321126821?-57568:46921
2026-08-10 20:01:12,008 INFO robots.txt does not permit fetching https://c.newsnow.co.uk/A/1321156665?-57568:46921
2026-08-10 20:01:12,008 INFO robots.txt does not permit fetching https://c.newsnow.co.uk/A/1321126821?-57568:46921
2026-08-10 20:01:12,009 INFO robots.txt declined direct fetch; relying on RSS, indexed search results or authorised APIs instead: https://c.newsnow.co.uk/A/1321100343?-57568:46921
2026-08-10 20:01:12,009 INFO robots.txt does not permit fetching https://c.newsnow.co.uk/A/1321100343?-57568:46921
2026-08-10 20:01:12,009 INFO robots.txt declined direct fetch; relying on RSS, indexed search results or authorised APIs instead: https://c.newsnow.co.uk/A/1321074740?-57568:46921
2026-08-10 20:01:12,009 INFO robots.txt does not permit fetching https://c.newsnow.co.uk/A/1321074740?-57568:46921
2026-08-10 20:01:12,012 INFO robots.txt declined direct fetch; relying on RSS, indexed search results or authorised APIs instead: https://c.newsnow.co.uk/A/1321032893?-57568:46921
2026-08-10 20:01:12,013 INFO robots.txt declined direct fetch; relying on RSS, indexed search results or authorised APIs instead: https://c.newsnow.co.uk/A/1321030240?-57568:46921
2026-08-10 20:01:12,014 INFO robots.txt declined direct fetch; relying on RSS, indexed search results or authorised APIs instead: https://c.newsnow.co.uk/A/1321318208?-57568:46921
2026-08-10 20:01:12,015 INFO robots.txt declined direct fetch; relying on RSS, indexed search results or authorised APIs instead: https://c.newsnow.co.uk/A/1320759115?-57568:46921
2026-08-10 20:01:12,015 INFO robots.txt does not permit fetching https://c.newsnow.co.uk/A/1321032893?-57568:46921
2026-08-10 20:01:12,015 INFO robots.txt does not permit fetching https://c.newsnow.co.uk/A/1321030240?-57568:46921
2026-08-10 20:01:12,016 INFO robots.txt does not permit fetching https://c.newsnow.co.uk/A/1321318208?-57568:46921
2026-08-10 20:01:12,016 INFO robots.txt does not permit fetching https://c.newsnow.co.uk/A/1320759115?-57568:46921
2026-08-10 20:01:12,017 INFO robots.txt declined direct fetch; relying on RSS, indexed search results or authorised APIs instead: https://c.newsnow.co.uk/A/1320908828?-57568:46921
2026-08-10 20:01:12,016 INFO robots.txt declined direct fetch; relying on RSS, indexed search results or authorised APIs instead: https://c.newsnow.co.uk/A/1320974564?-57568:46921
2026-08-10 20:01:12,017 INFO robots.txt does not permit fetching https://c.newsnow.co.uk/A/1320974564?-57568:46921
2026-08-10 20:01:12,016 INFO robots.txt declined direct fetch; relying on RSS, indexed search results or authorised APIs instead: https://c.newsnow.co.uk/A/1321004458?-57568:46921
2026-08-10 20:01:12,017 INFO robots.txt does not permit fetching https://c.newsnow.co.uk/A/1320908828?-57568:46921
2026-08-10 20:01:12,016 INFO robots.txt declined direct fetch; relying on RSS, indexed search results or authorised APIs instead: https://c.newsnow.co.uk/A/1320916537?-57568:46921
2026-08-10 20:01:12,017 INFO robots.txt declined direct fetch; relying on RSS, indexed search results or authorised APIs instead: https://c.newsnow.co.uk/A/1320884509?-57568:46921
2026-08-10 20:01:12,017 INFO robots.txt does not permit fetching https://c.newsnow.co.uk/A/1321004458?-57568:46921
2026-08-10 20:01:12,018 INFO robots.txt does not permit fetching https://c.newsnow.co.uk/A/1320916537?-57568:46921
2026-08-10 20:01:12,018 INFO robots.txt does not permit fetching https://c.newsnow.co.uk/A/1320884509?-57568:46921
2026-08-10 20:01:12,029 INFO robots.txt declined direct fetch; relying on RSS, indexed search results or authorised APIs instead: https://c.newsnow.co.uk/A/1321235447?-57568:46921
2026-08-10 20:01:12,029 INFO robots.txt does not permit fetching https://c.newsnow.co.uk/A/1321235447?-57568:46921
2026-08-10 20:01:12,029 INFO robots.txt declined direct fetch; relying on RSS, indexed search results or authorised APIs instead: https://www.linkedin.com/company/groundnews
2026-08-10 20:01:12,029 INFO robots.txt does not permit fetching https://www.linkedin.com/company/groundnews
2026-08-10 20:01:12,031 INFO robots.txt declined direct fetch; relying on RSS, indexed search results or authorised APIs instead: https://c.newsnow.co.uk/A/1320613995?-57568:46921
2026-08-10 20:01:12,034 INFO robots.txt does not permit fetching https://c.newsnow.co.uk/A/1320613995?-57568:46921
2026-08-10 20:01:12,037 INFO robots.txt declined direct fetch; relying on RSS, indexed search results or authorised APIs instead: https://c.newsnow.co.uk/A/1321219652?-57568:46921
2026-08-10 20:01:12,039 INFO robots.txt does not permit fetching https://c.newsnow.co.uk/A/1321219652?-57568:46921
2026-08-10 20:01:12,044 INFO robots.txt declined direct fetch; relying on RSS, indexed search results or authorised APIs instead: https://c.newsnow.co.uk/A/1320314009?-57568:46921
2026-08-10 20:01:12,044 INFO robots.txt does not permit fetching https://c.newsnow.co.uk/A/1320314009?-57568:46921
2026-08-10 20:01:12,047 INFO robots.txt declined direct fetch; relying on RSS, indexed search results or authorised APIs instead: https://c.newsnow.co.uk/A/1321002913?-57568:46921
2026-08-10 20:01:12,047 INFO robots.txt does not permit fetching https://c.newsnow.co.uk/A/1321002913?-57568:46921
2026-08-10 20:01:12,049 INFO robots.txt declined direct fetch; relying on RSS, indexed search results or authorised APIs instead: https://c.newsnow.co.uk/A/1321268403?-57568:46921
2026-08-10 20:01:12,049 INFO robots.txt does not permit fetching https://c.newsnow.co.uk/A/1321268403?-57568:46921
2026-08-10 20:01:12,052 INFO robots.txt declined direct fetch; relying on RSS, indexed search results or authorised APIs instead: https://c.newsnow.co.uk/A/1320219207?-57568:46921
2026-08-10 20:01:12,064 INFO robots.txt declined direct fetch; relying on RSS, indexed search results or authorised APIs instead: https://c.newsnow.co.uk/A/1321292045?-57568:46921
2026-08-10 20:01:12,065 INFO robots.txt does not permit fetching https://c.newsnow.co.uk/A/1320219207?-57568:46921
2026-08-10 20:01:12,065 INFO robots.txt does not permit fetching https://c.newsnow.co.uk/A/1321292045?-57568:46921
2026-08-10 20:01:18,840 WARNING Live page failed for Northern live service updates: robots.txt does not permit fetching https://www.northernrailway.co.uk/service-updates
2026-08-10 20:01:30,467 WARNING Google News browser resolution stopped early: BrowserType.launch: Executable doesn't exist at /home/runner/.cache/ms-playwright/chromium_headless_shell-1234/chrome-headless-shell-linux64/chrome-headless-shell
╔════════════════════════════════════════════════════════════╗
║ Looks like Playwright was just installed or updated.       ║
║ Please run the following command to download new browsers: ║
║                                                            ║
║     playwright install                                     ║
║                                                            ║
║ <3 Playwright Team                                         ║
╚════════════════════════════════════════════════════════════╝
2026-08-10 20:01:30,469 INFO Google News resolution: 0/26 newly resolved (2 served from cache).
2026-08-10 20:01:32,733 INFO Google News wrappers: 32 seen, 3 resolved, 2 gained article text, 3 gained a publisher image, 0 re-attributed to the real publisher.
2026-08-10 20:01:34,373 INFO Candidate volume: 65 raw items -> 44 story clusters
2026-08-10 20:01:41,276 INFO Balanced selection: 16 eligible -> 16 selected; categories=['business', 'community', 'crime', 'education', 'environment', 'health', 'news', 'traffic', 'transport']; wards=['Spotland and Falinge']
2026-08-10 20:01:41,280 ERROR OpenAI is unavailable; refusing to publish generic filler for https://yespunjab.com/uk-grooming-gang-cases-put-pakistan-under-scrutiny-over-child-protection-accountability/
2026-08-10 20:01:41,287 ERROR OpenAI is unavailable; refusing to publish generic filler for https://www.rochvalleyradio.com/news/local-news/controversial-student-housing-scheme-refusal-appealed-by-developer/
2026-08-10 20:01:41,294 ERROR OpenAI is unavailable; refusing to publish generic filler for https://www.rochvalleyradio.com/news/local-news/prestwich-sisters-secure-sainsburys-listing-after-recovering-from-warehouse-fire/
2026-08-10 20:01:41,302 ERROR OpenAI is unavailable; refusing to publish generic filler for https://www.manchestereveningnews.co.uk/news/greater-manchester-news/this-eviction-making-really-ill-34417506
2026-08-10 20:01:41,314 ERROR OpenAI is unavailable; refusing to publish generic filler for https://www.bbc.co.uk/news/articles/c3r03q48445o
2026-08-10 20:01:41,338 INFO robots.txt declined direct fetch; relying on RSS, indexed search results or authorised APIs instead: https://news.google.com/rss/articles/CBMiUkFVX3lxTE5SNDk3aWhBR3JPQnBoYTJrcDYwV08xckRmMEpDNVA5R0JMNVpOMWZsVlo1ZmdDWk9XWnlYSmxMUnh4LWxzWmFzSTJ1TTE0RW13eHc?oc=5
2026-08-10 20:01:41,339 ERROR OpenAI is unavailable; refusing to publish generic filler for https://news.google.com/rss/articles/CBMiUkFVX3lxTE5SNDk3aWhBR3JPQnBoYTJrcDYwV08xckRmMEpDNVA5R0JMNVpOMWZsVlo1ZmdDWk9XWnlYSmxMUnh4LWxzWmFzSTJ1TTE0RW13eHc?oc=5
2026-08-10 20:01:41,343 INFO robots.txt declined direct fetch; relying on RSS, indexed search results or authorised APIs instead: https://news.google.com/rss/articles/CBMi1AFBVV95cUxQa0ZFakFYLTVVWmpwMHJPbU03aUFrNEltemx6dks4WWNzeGducWpBMzJZeXRjVm5zaDhKc0ZTbkQ5eG45ZGxyV0IyNldlRUJtZHYyRC1hb2dId3FvbnJXM0hwWDUxYS1qVWNpRHhEY2N6T2I1ZFg3WmlUN3VycWV6dFgwM1RYNUtlOWtueEZEQXVxX1RNYnE1SDhVdE54UmZZT3B3RkllSGRsdnNmNG1wbjI5aURnazBCUkRqUVpBX0JkWGQ2d2ZpazExTEt6TV9vcTZ2Ug?oc=5
2026-08-10 20:01:41,343 ERROR OpenAI is unavailable; refusing to publish generic filler for https://news.google.com/rss/articles/CBMi1AFBVV95cUxQa0ZFakFYLTVVWmpwMHJPbU03aUFrNEltemx6dks4WWNzeGducWpBMzJZeXRjVm5zaDhKc0ZTbkQ5eG45ZGxyV0IyNldlRUJtZHYyRC1hb2dId3FvbnJXM0hwWDUxYS1qVWNpRHhEY2N6T2I1ZFg3WmlUN3VycWV6dFgwM1RYNUtlOWtueEZEQXVxX1RNYnE1SDhVdE54UmZZT3B3RkllSGRsdnNmNG1wbjI5aURnazBCUkRqUVpBX0JkWGQ2d2ZpazExTEt6TV9vcTZ2Ug?oc=5
2026-08-10 20:01:41,367 INFO robots.txt declined direct fetch; relying on RSS, indexed search results or authorised APIs instead: https://news.google.com/rss/articles/CBMiugFBVV95cUxPMG5jc1dJeWJRWFBOUHNyQVFmVTlDTllPN2YwYnl4MVNGTVB5OTBtSThBZnJVS1VCaVE1Y0FvaGlYYjBHd1BlRWVVSnYyTkIxQ2NGdXl0d2syN2NhNWxKVEZMM0tvWmdjOUN5V21GVWNjV2gycUgwVVRLWVA5cTVLb2JsX051VE54dTNvUUJzV1FQdmRFV19xdXpXSnhpeWdyX3pjakgycGV5UER6U19qOEtQdEtaWUpZN2c?oc=5
2026-08-10 20:01:41,367 ERROR OpenAI is unavailable; refusing to publish generic filler for https://news.google.com/rss/articles/CBMiugFBVV95cUxPMG5jc1dJeWJRWFBOUHNyQVFmVTlDTllPN2YwYnl4MVNGTVB5OTBtSThBZnJVS1VCaVE1Y0FvaGlYYjBHd1BlRWVVSnYyTkIxQ2NGdXl0d2syN2NhNWxKVEZMM0tvWmdjOUN5V21GVWNjV2gycUgwVVRLWVA5cTVLb2JsX051VE54dTNvUUJzV1FQdmRFV19xdXpXSnhpeWdyX3pjakgycGV5UER6U19qOEtQdEtaWUpZN2c?oc=5
2026-08-10 20:01:41,402 INFO robots.txt declined direct fetch; relying on RSS, indexed search results or authorised APIs instead: https://news.google.com/rss/articles/CBMitwFBVV95cUxQazg5WmVmR3hXMGtSdlNuSzhBamt4d3djMzhSNlBoVWwxVmR3aUl2QjhrWlI2NjY5ZFBwUUZjSUFXNmdUQzF5SG9XSzlPdTVmMks2MExxcFdVdlBkWkRHcXpMZzE1TzM0b1VmM2lTLUJBVkJIZFdJNzlVdGhqclpwbVkzY0RTb1hPXzZBMlFfNkhEZzhJNDNPZzdwQjBGS25DbVBLZFJLMGJqUmlVQkRHREh2N2FVYlU?oc=5
2026-08-10 20:01:41,402 ERROR OpenAI is unavailable; refusing to publish generic filler for https://www.rochvalleyradio.com/local/photos/rochdale-feel-good-festival-and-omd-2026/
2026-08-10 20:01:41,406 ERROR OpenAI is unavailable; refusing to publish generic filler for https://www.rochvalleyradio.com/news/local-news/new-care-home-in-rochdale-approved/
2026-08-10 20:01:41,406 INFO robots.txt declined direct fetch; relying on RSS, indexed search results or authorised APIs instead: https://news.google.com/rss/articles/CBMivwFBVV95cUxONUQzaTVEUjBYQm9ydGN6X3A4X1k4bGNQdUZTT201UkhyeW12TkY1Y1FsaWlmZlJaMHBfTWlWZXlmSlZhOEtldm5IdzZlNExtSGFSSGxvSjNLOE1lNkxNOUZLV0lDWXVOYzYxUFBMcDlFS2U3Z0VlZXJjNkpRckJvVk13OGFiM2xDY29WeDFwNXVlR0w2cWF3MmpYdGQ4SFV6YkxURXdCTU1RZjdSVm5BdzBSdmdKYmx0NEZTelZ2WQ?oc=5
2026-08-10 20:01:41,407 ERROR OpenAI is unavailable; refusing to publish generic filler for https://news.google.com/rss/articles/CBMivwFBVV95cUxONUQzaTVEUjBYQm9ydGN6X3A4X1k4bGNQdUZTT201UkhyeW12TkY1Y1FsaWlmZlJaMHBfTWlWZXlmSlZhOEtldm5IdzZlNExtSGFSSGxvSjNLOE1lNkxNOUZLV0lDWXVOYzYxUFBMcDlFS2U3Z0VlZXJjNkpRckJvVk13OGFiM2xDY29WeDFwNXVlR0w2cWF3MmpYdGQ4SFV6YkxURXdCTU1RZjdSVm5BdzBSdmdKYmx0NEZTelZ2WQ?oc=5
2026-08-10 20:01:41,778 ERROR OpenAI is unavailable; refusing to publish generic filler for https://www.manchestereveningnews.co.uk/news/wildfire-warning-fireworks-rochdale-nature-34398717
2026-08-10 20:01:41,785 ERROR OpenAI is unavailable; refusing to publish generic filler for https://www.manchestereveningnews.co.uk/whats-on/music-nightlife-news/electro-pop-pioneers-omd-make-34425018
2026-08-10 20:01:41,965 ERROR OpenAI is unavailable; refusing to publish generic filler for https://www.rochdale.gov.uk/contact-us/estates-asset-management-team-contact-details
2026-08-10 20:01:42,546 WARNING Final rewrite failed quality checks for https://ratings.food.gov.uk/open-data#rochdale-2026-08: Rewrite the long verbatim source passage.
2026-08-10 20:01:44,603 ERROR OpenAI is unavailable; refusing to publish generic filler for https://www.rochdalevaliant.uk/2026_08_02_archive.html
2026-08-10 20:02:29,329 WARNING Held back 71 article(s) below the 200-word publication floor after merging: MBF Cleaning sponsors Rochdale Foodbank van to support deliveries across the borough; Free food, performances and community activities coming to Rochdale town centre this Saturday; Minor Delays on Rochdale & East Didsbury Tram Line Due to Vehicle Fault; Calls for Immediate Deportation of Grooming Gang Offenders; Lift at Derker Tram Stop Out of Service Until Further Notice; Rochdale Council to Host Annual Sensory Awareness Day; Two prison officers in Rochdale develop relationships with drug dealers; Rochdale Hornets Women Face Leigh Miners Rangers in Northern League 1; Rochdale AFC Faces Bradford City in August 2026 Match; Rochdale AFC Manager Calls for Team Readiness Ahead of Upcoming Matches
2026-08-10 20:02:29,352 INFO Complete: 126 live articles, 0 new, 16 AI/fallback attempts, 16 skipped, 21 duplicates merged
2026-08-10 20:16:14,705 INFO Skipping 3 domain(s) benched by earlier runs: rochdaleafccommunity.org, visitrochdale.com, yourtrustrochdale.co.uk
2026-08-10 20:16:14,705 INFO Starting Rochdale Daily 15-minute pipeline
2026-08-10 20:17:02,021 INFO X social correlation inactive: add the X_BEARER_TOKEN GitHub secret.
2026-08-10 20:17:02,021 INFO Facebook comment correlation inactive: add the FACEBOOK_PAGE_ACCESS_TOKEN secret with the required Page access.
2026-08-10 20:17:02,022 INFO Reading RSS: BBC Manchester
2026-08-10 20:17:02,187 INFO Raw entries for BBC Manchester: 24
2026-08-10 20:17:06,574 INFO Reading RSS: Manchester Evening News — Rochdale
2026-08-10 20:17:06,636 INFO Raw entries for Manchester Evening News — Rochdale: 0
2026-08-10 20:17:06,637 INFO Reading RSS: Greater Manchester Fire and Rescue Service
2026-08-10 20:17:07,348 WARNING RSS warning for Greater Manchester Fire and Rescue Service: <unknown>:27:42: not well-formed (invalid token)
2026-08-10 20:17:07,348 INFO Raw entries for Greater Manchester Fire and Rescue Service: 0
2026-08-10 20:17:07,348 INFO Reading RSS: Rochdale AFC
2026-08-10 20:17:12,101 INFO Raw entries for Rochdale AFC: 0
2026-08-10 20:17:12,101 INFO Reading RSS: Google News — priority:reform-rochdale
2026-08-10 20:17:13,796 INFO Raw entries for Google News — priority:reform-rochdale: 0
2026-08-10 20:17:13,796 INFO Reading RSS: Google News — priority:reform-rochdale-local
2026-08-10 20:17:15,738 INFO Raw entries for Google News — priority:reform-rochdale-local: 57
2026-08-10 20:17:16,869 INFO Blocked prohibited source: TikTok
2026-08-10 20:17:17,497 INFO Blocked prohibited source: TikTok
2026-08-10 20:17:24,271 INFO Blocked prohibited source: TikTok
2026-08-10 20:17:24,704 INFO Blocked prohibited source: TikTok
2026-08-10 20:17:27,296 INFO Reading RSS: Google News — priority:restore-rochdale
2026-08-10 20:17:29,029 INFO Raw entries for Google News — priority:restore-rochdale: 0
2026-08-10 20:17:29,030 INFO Reading RSS: Google News — priority:workers-party-rochdale
2026-08-10 20:17:30,737 INFO Raw entries for Google News — priority:workers-party-rochdale: 0
2026-08-10 20:17:30,737 INFO Reading RSS: Google News — priority:labour-rochdale
2026-08-10 20:17:32,408 INFO Raw entries for Google News — priority:labour-rochdale: 0
2026-08-10 20:17:32,408 INFO Reading RSS: Google News — priority:libdem-rochdale
2026-08-10 20:17:34,090 INFO Raw entries for Google News — priority:libdem-rochdale: 0
2026-08-10 20:17:34,090 INFO Reading RSS: Google News — priority:green-rochdale
2026-08-10 20:17:35,796 INFO Raw entries for Google News — priority:green-rochdale: 0
2026-08-10 20:17:35,796 INFO Reading RSS: Google News — priority:conservative-rochdale
2026-08-10 20:17:37,503 INFO Raw entries for Google News — priority:conservative-rochdale: 0
2026-08-10 20:17:37,503 INFO Reading RSS: Google News — priority:planning-rochdale
2026-08-10 20:17:39,681 INFO Raw entries for Google News — priority:planning-rochdale: 100
2026-08-10 20:17:55,032 WARNING Retrying (Retry(total=1, connect=2, read=0, redirect=None, status=None)) after connection broken by 'ReadTimeoutError("HTTPSConnectionPool(host='www.totaljobs.com', port=443): Read timed out. (read timeout=12)")': /
2026-08-10 20:18:07,965 INFO robots.txt declined direct fetch; relying on RSS, indexed search results or authorised APIs instead: https://www.simplyhired.co.uk
2026-08-10 20:18:09,813 INFO robots.txt declined direct fetch; relying on RSS, indexed search results or authorised APIs instead: https://www.linkedin.com
2026-08-10 20:18:10,671 INFO Blocked prohibited source: Rochdale Times
2026-08-10 20:18:19,544 INFO robots.txt declined direct fetch; relying on RSS, indexed search results or authorised APIs instead: https://www.glassdoor.co.uk
2026-08-10 20:18:23,685 INFO Blocked prohibited source: TikTok
2026-08-10 20:18:24,167 INFO robots.txt declined direct fetch; relying on RSS, indexed search results or authorised APIs instead: https://www.prolificnorth.co.uk
2026-08-10 20:18:24,168 INFO Reading RSS: Google News — priority:planning-council
2026-08-10 20:18:25,911 INFO Raw entries for Google News — priority:planning-council: 3
2026-08-10 20:18:27,544 INFO Reading RSS: Google News — priority:crime-fast
2026-08-10 20:18:29,302 INFO Raw entries for Google News — priority:crime-fast: 2
2026-08-10 20:18:29,303 INFO Reading RSS: Google News — priority:crime-web
2026-08-10 20:18:31,557 INFO Raw entries for Google News — priority:crime-web: 100
2026-08-10 20:18:52,695 INFO Reading RSS: Google News — priority:water
2026-08-10 20:18:54,846 INFO Raw entries for Google News — priority:water: 100
2026-08-10 20:19:14,246 INFO Reading RSS: Google News — priority:power
2026-08-10 20:19:16,438 INFO Raw entries for Google News — priority:power: 100
2026-08-10 20:19:19,414 INFO Resolved Google News item to publisher via <source>: Manchester Evening News -> https://www.manchestereveningnews.co.uk/whats-on/music-nightlife-news/electro-pop-pioneers-omd-make-34425018
2026-08-10 20:19:34,962 INFO Reading RSS: Google News — priority:roads
2026-08-10 20:19:37,116 INFO Raw entries for Google News — priority:roads: 100
2026-08-10 20:19:54,153 INFO Blocked prohibited source: YouTube
2026-08-10 20:19:56,691 INFO Reading RSS: Google News — priority:environment
2026-08-10 20:19:58,525 INFO Raw entries for Google News — priority:environment: 2
2026-08-10 20:19:59,131 INFO Reading RSS: Google News — official-gmp:1
2026-08-10 20:20:00,841 INFO Raw entries for Google News — official-gmp:1: 0
2026-08-10 20:20:00,841 INFO Reading RSS: Google News — official-gmp:2
2026-08-10 20:20:02,534 INFO Raw entries for Google News — official-gmp:2: 0
2026-08-10 20:20:02,534 INFO Reading RSS: Google News — official-gmp:3
2026-08-10 20:20:04,244 INFO Raw entries for Google News — official-gmp:3: 0
2026-08-10 20:20:04,245 INFO Reading RSS: Google News — official-gmp:4
2026-08-10 20:20:05,959 INFO Raw entries for Google News — official-gmp:4: 0
2026-08-10 20:20:05,959 INFO Reading RSS: Google News — always-traffic:1
2026-08-10 20:20:08,146 INFO Raw entries for Google News — always-traffic:1: 100
2026-08-10 20:20:20,880 INFO Blocked prohibited source: Reddit
2026-08-10 20:20:28,529 INFO Reading RSS: Google News — always-traffic:2
2026-08-10 20:20:30,546 INFO Raw entries for Google News — always-traffic:2: 100
2026-08-10 20:20:37,397 INFO Blocked prohibited source: Reddit
2026-08-10 20:20:50,838 INFO Reading RSS: Google News — always-traffic:3
2026-08-10 20:20:52,976 INFO Raw entries for Google News — always-traffic:3: 100
2026-08-10 20:21:12,761 INFO Reading RSS: Google News — always-traffic:4
2026-08-10 20:21:14,527 INFO Raw entries for Google News — always-traffic:4: 0
2026-08-10 20:21:14,527 INFO Reading RSS: Google News — always-traffic:5
2026-08-10 20:21:16,237 INFO Raw entries for Google News — always-traffic:5: 0
2026-08-10 20:21:16,237 INFO Reading RSS: Google News — civic:council-actions
2026-08-10 20:21:17,940 INFO Raw entries for Google News — civic:council-actions: 0
2026-08-10 20:21:17,940 INFO Reading RSS: Google News — civic:paul-waugh
2026-08-10 20:21:19,682 INFO Raw entries for Google News — civic:paul-waugh: 9
2026-08-10 20:21:21,874 INFO Reading RSS: Google News — civic:paul-waugh-parliament
2026-08-10 20:21:23,653 INFO Raw entries for Google News — civic:paul-waugh-parliament: 0
2026-08-10 20:21:23,653 INFO Reading RSS: Google News — civic:paul-waugh-hansard
2026-08-10 20:21:25,381 INFO Raw entries for Google News — civic:paul-waugh-hansard: 0
2026-08-10 20:21:25,381 INFO Reading RSS: Google News — civic:hansard-rochdale
2026-08-10 20:21:27,109 INFO Raw entries for Google News — civic:hansard-rochdale: 0
2026-08-10 20:21:27,109 INFO Reading RSS: Google News — civic:paul-waugh-constituency
2026-08-10 20:21:28,794 INFO Raw entries for Google News — civic:paul-waugh-constituency: 0
2026-08-10 20:21:28,794 INFO Reading RSS: Google News — councillor:Farooq Ahmed
2026-08-10 20:21:30,692 INFO Raw entries for Google News — councillor:Farooq Ahmed: 8
2026-08-10 20:21:30,696 INFO Reading RSS: Google News — councillor:Shakil Ahmed
2026-08-10 20:21:32,508 INFO Raw entries for Google News — councillor:Shakil Ahmed: 9
2026-08-10 20:21:32,509 INFO Blocked prohibited source: Rochdale Times
2026-08-10 20:21:32,511 INFO Reading RSS: Google News — councillor:Daalat Ali
2026-08-10 20:21:34,343 INFO Raw entries for Google News — councillor:Daalat Ali: 6
2026-08-10 20:21:34,344 INFO Blocked prohibited source: sis.org.uk
2026-08-10 20:21:34,345 INFO Blocked prohibited source: Rochdale Times
2026-08-10 20:21:34,346 INFO Reading RSS: Google News — councillor:Stephen Anstee
2026-08-10 20:21:36,161 INFO Raw entries for Google News — councillor:Stephen Anstee: 5
2026-08-10 20:21:36,163 INFO Reading RSS: Google News — councillor:Elizabeth Atewologun
2026-08-10 20:21:37,993 INFO Raw entries for Google News — councillor:Elizabeth Atewologun: 0
2026-08-10 20:21:37,993 INFO Reading RSS: Google News — councillor:Tricia Ayrton
2026-08-10 20:21:39,828 INFO Raw entries for Google News — councillor:Tricia Ayrton: 10
2026-08-10 20:21:39,830 INFO Blocked prohibited source: sis.org.uk
2026-08-10 20:21:39,831 INFO Reading RSS: Google News — councillor:David Bamford
2026-08-10 20:21:41,636 INFO Raw entries for Google News — councillor:David Bamford: 0
2026-08-10 20:21:41,636 INFO Reading RSS: Google News — councillor:Philip Barrett
2026-08-10 20:21:43,425 INFO Raw entries for Google News — councillor:Philip Barrett: 0
2026-08-10 20:21:43,425 INFO Reading RSS: Google News — councillor:Philip Beal
2026-08-10 20:21:45,222 INFO Raw entries for Google News — councillor:Philip Beal: 0
2026-08-10 20:21:45,222 INFO Reading RSS: Google News — councillor:Tom Besford
2026-08-10 20:21:47,038 INFO Raw entries for Google News — councillor:Tom Besford: 10
2026-08-10 20:21:47,041 INFO Reading RSS: Google News — councillor:John Blundell
2026-08-10 20:21:48,865 INFO Raw entries for Google News — councillor:John Blundell: 10
2026-08-10 20:21:48,868 INFO Reading RSS: Google News — councillor:Adam Branton
2026-08-10 20:21:50,683 INFO Raw entries for Google News — councillor:Adam Branton: 1
2026-08-10 20:21:50,683 INFO Reading RSS: Google News — councillor:Kathryn Bromfield
2026-08-10 20:21:52,477 INFO Raw entries for Google News — councillor:Kathryn Bromfield: 1
2026-08-10 20:21:52,477 INFO Reading RSS: Google News — councillor:Stuart Crawford
2026-08-10 20:21:54,253 INFO Raw entries for Google News — councillor:Stuart Crawford: 0
2026-08-10 20:21:54,253 INFO Reading RSS: Google News — councillor:Patricia Mary Dale
2026-08-10 20:21:56,047 INFO Raw entries for Google News — councillor:Patricia Mary Dale: 0
2026-08-10 20:21:56,047 INFO Reading RSS: Google News — watch:1
2026-08-10 20:21:57,824 INFO Raw entries for Google News — watch:1: 4
2026-08-10 20:21:58,728 INFO Reading RSS: Google News — watch:2
2026-08-10 20:22:00,418 INFO Raw entries for Google News — watch:2: 0
2026-08-10 20:22:00,418 INFO Reading RSS: Google News — watch:3
2026-08-10 20:22:02,106 INFO Raw entries for Google News — watch:3: 0
2026-08-10 20:22:02,106 INFO Reading RSS: Google News — watch:4
2026-08-10 20:22:03,785 INFO Raw entries for Google News — watch:4: 0
2026-08-10 20:22:03,785 INFO Reading RSS: Google News — watch:5
2026-08-10 20:22:05,525 INFO Raw entries for Google News — watch:5: 0
2026-08-10 20:22:05,525 INFO Reading RSS: Google News — watch:6
2026-08-10 20:22:07,216 INFO Raw entries for Google News — watch:6: 0
2026-08-10 20:22:07,216 INFO Reading RSS: Google News — watch:7
2026-08-10 20:22:09,280 INFO Raw entries for Google News — watch:7: 100
2026-08-10 20:22:17,655 INFO Blocked prohibited source: TikTok
2026-08-10 20:22:18,077 INFO Blocked prohibited source: TikTok
2026-08-10 20:22:18,720 INFO Blocked prohibited source: TikTok
2026-08-10 20:22:19,359 INFO Blocked prohibited source: TikTok
2026-08-10 20:22:19,578 INFO Blocked prohibited source: TikTok
2026-08-10 20:22:19,578 INFO Blocked prohibited source: TikTok
2026-08-10 20:22:20,031 INFO Blocked prohibited source: TikTok
2026-08-10 20:22:20,031 INFO Blocked prohibited source: TikTok
2026-08-10 20:22:21,142 INFO Blocked prohibited source: TikTok
2026-08-10 20:22:21,142 INFO Blocked prohibited source: TikTok
2026-08-10 20:22:21,143 INFO Blocked prohibited source: TikTok
2026-08-10 20:22:22,042 INFO Blocked prohibited source: TikTok
2026-08-10 20:22:22,042 INFO Blocked prohibited source: TikTok
2026-08-10 20:22:22,043 INFO Blocked prohibited source: TikTok
2026-08-10 20:22:22,043 INFO Blocked prohibited source: TikTok
2026-08-10 20:22:22,917 INFO Blocked prohibited source: TikTok
2026-08-10 20:22:22,918 INFO Blocked prohibited source: TikTok
2026-08-10 20:22:23,594 INFO Blocked prohibited source: TikTok
2026-08-10 20:22:24,522 INFO Blocked prohibited source: Reddit
2026-08-10 20:22:24,523 INFO Blocked prohibited source: TikTok
2026-08-10 20:22:24,739 INFO Blocked prohibited source: TikTok
2026-08-10 20:22:24,975 INFO Blocked prohibited source: Reddit
2026-08-10 20:22:24,975 INFO Blocked prohibited source: TikTok
2026-08-10 20:22:25,193 INFO Reading RSS: Google News — watch:8
2026-08-10 20:22:27,168 INFO Raw entries for Google News — watch:8: 100
2026-08-10 20:22:31,880 INFO Blocked prohibited source: TikTok
2026-08-10 20:22:32,551 INFO Blocked prohibited source: TikTok
2026-08-10 20:22:33,641 INFO Blocked prohibited source: TikTok
2026-08-10 20:22:33,642 INFO Blocked prohibited source: TikTok
2026-08-10 20:22:34,100 INFO Blocked prohibited source: YouTube
2026-08-10 20:22:35,425 INFO Blocked prohibited source: TikTok
2026-08-10 20:22:35,425 INFO Blocked prohibited source: TikTok
2026-08-10 20:22:36,303 INFO Blocked prohibited source: TikTok
2026-08-10 20:22:37,898 INFO Blocked prohibited source: TikTok
2026-08-10 20:22:40,326 INFO Blocked prohibited source: TikTok
2026-08-10 20:22:46,107 INFO Blocked prohibited source: TikTok
2026-08-10 20:22:46,750 INFO Reading RSS: Google News — watch:9
2026-08-10 20:22:48,555 INFO Raw entries for Google News — watch:9: 51
2026-08-10 20:22:48,556 INFO Blocked prohibited source: TikTok
2026-08-10 20:22:49,011 INFO Blocked prohibited source: TikTok
2026-08-10 20:22:49,012 INFO Blocked prohibited source: TikTok
2026-08-10 20:22:49,887 INFO Blocked prohibited source: TikTok
2026-08-10 20:22:50,334 INFO Blocked prohibited source: TikTok
2026-08-10 20:22:53,972 INFO Blocked prohibited source: TikTok
2026-08-10 20:22:53,973 INFO Blocked prohibited source: TikTok
2026-08-10 20:22:54,188 INFO Blocked prohibited source: TikTok
2026-08-10 20:22:54,189 INFO Blocked prohibited source: TikTok
2026-08-10 20:22:54,868 INFO Blocked prohibited source: TikTok
2026-08-10 20:22:54,868 INFO Blocked prohibited source: TikTok
2026-08-10 20:22:55,334 INFO Blocked prohibited source: TikTok
2026-08-10 20:22:55,334 INFO Blocked prohibited source: TikTok
2026-08-10 20:22:56,007 INFO Blocked prohibited source: TikTok
2026-08-10 20:22:56,677 INFO Reading RSS: Google News — watch:10
2026-08-10 20:22:58,629 INFO Raw entries for Google News — watch:10: 83
2026-08-10 20:23:00,404 INFO Blocked prohibited source: TikTok
2026-08-10 20:23:00,405 INFO Blocked prohibited source: TikTok
2026-08-10 20:23:00,405 INFO Blocked prohibited source: TikTok
2026-08-10 20:23:00,406 INFO Blocked prohibited source: TikTok
2026-08-10 20:23:01,091 INFO Blocked prohibited source: TikTok
2026-08-10 20:23:06,271 INFO Blocked prohibited source: TikTok
2026-08-10 20:23:06,705 INFO Blocked prohibited source: Reddit
2026-08-10 20:23:08,678 INFO Blocked prohibited source: TikTok
2026-08-10 20:23:08,891 INFO Blocked prohibited source: Reddit
2026-08-10 20:23:10,444 INFO Blocked prohibited source: TikTok
2026-08-10 20:23:11,832 INFO Blocked prohibited source: TikTok
2026-08-10 20:23:12,307 INFO Blocked prohibited source: TikTok
2026-08-10 20:23:13,857 INFO Reading RSS: Google News — watch:11
2026-08-10 20:23:15,667 INFO Raw entries for Google News — watch:11: 40
2026-08-10 20:23:21,750 INFO Blocked prohibited source: TikTok
2026-08-10 20:23:23,549 INFO Blocked prohibited source: TikTok
2026-08-10 20:23:24,223 INFO Reading RSS: Google News — watch:12
2026-08-10 20:23:26,302 INFO Raw entries for Google News — watch:12: 100
2026-08-10 20:23:34,245 INFO Blocked prohibited source: TikTok
2026-08-10 20:23:34,909 INFO Blocked prohibited source: TikTok
2026-08-10 20:23:35,377 INFO Blocked prohibited source: YouTube
2026-08-10 20:23:37,186 INFO Blocked prohibited source: TikTok
2026-08-10 20:23:37,186 INFO Blocked prohibited source: TikTok
2026-08-10 20:23:38,977 INFO Blocked prohibited source: TikTok
2026-08-10 20:23:44,764 INFO Blocked prohibited source: TikTok
2026-08-10 20:23:46,735 INFO Reading RSS: Google News — watch:13
2026-08-10 20:23:48,825 INFO Raw entries for Google News — watch:13: 100
2026-08-10 20:24:00,970 INFO Blocked prohibited source: TikTok
2026-08-10 20:24:02,518 INFO Blocked prohibited source: TikTok
2026-08-10 20:24:02,519 INFO Blocked prohibited source: TikTok
2026-08-10 20:24:02,519 INFO Blocked prohibited source: TikTok
2026-08-10 20:24:03,596 INFO Blocked prohibited source: TikTok
2026-08-10 20:24:09,123 INFO Reading RSS: Google News — topic:healey-dell-viaduct
2026-08-10 20:24:10,853 INFO Raw entries for Google News — topic:healey-dell-viaduct: 4
2026-08-10 20:24:11,530 INFO Blocked prohibited source: TikTok
2026-08-10 20:24:11,530 INFO Reading RSS: Google News — topic:healey-dell-robbery
2026-08-10 20:24:13,259 INFO Raw entries for Google News — topic:healey-dell-robbery: 0
2026-08-10 20:24:13,259 INFO Reading RSS: Google News — topic:healey-dell-fishing
2026-08-10 20:24:14,964 INFO Raw entries for Google News — topic:healey-dell-fishing: 0
2026-08-10 20:24:14,964 INFO Reading RSS: Google News — topic:milkstone-road-takeaway
2026-08-10 20:24:16,690 INFO Raw entries for Google News — topic:milkstone-road-takeaway: 0
2026-08-10 20:24:16,690 INFO Reading RSS: Google News — topic:milkstone-road-speeding
2026-08-10 20:24:18,399 INFO Raw entries for Google News — topic:milkstone-road-speeding: 2
2026-08-10 20:24:18,854 INFO Reading RSS: Google News — topic:bamford-house-prices
2026-08-10 20:24:20,597 INFO Raw entries for Google News — topic:bamford-house-prices: 0
2026-08-10 20:24:20,597 INFO Reading RSS: Google News — topic:norden-school-results
2026-08-10 20:24:22,293 INFO Raw entries for Google News — topic:norden-school-results: 0
2026-08-10 20:24:22,293 INFO Reading RSS: Google News — topic:bamford-restaurant
2026-08-10 20:24:24,088 INFO Raw entries for Google News — topic:bamford-restaurant: 17
2026-08-10 20:24:25,882 INFO Blocked prohibited source: TikTok
2026-08-10 20:24:26,818 INFO Blocked prohibited source: TikTok
2026-08-10 20:24:27,024 INFO Reading RSS: Google News — topic:norden-golf-club
2026-08-10 20:24:28,731 INFO Raw entries for Google News — topic:norden-golf-club: 0
2026-08-10 20:24:28,964 INFO robots.txt declined direct fetch; relying on RSS, indexed search results or authorised APIs instead: https://www.groundwork.org.uk/greatermanchester/latest/
2026-08-10 20:24:28,964 WARNING Discovery page failed for Groundwork Greater Manchester (https://www.groundwork.org.uk/greatermanchester/latest/): robots.txt does not permit fetching https://www.groundwork.org.uk/greatermanchester/latest/
2026-08-10 20:24:28,964 INFO robots.txt declined direct fetch; relying on RSS, indexed search results or authorised APIs instead: https://www.groundwork.org.uk/greatermanchester/latest/?query-6-page=2
2026-08-10 20:24:28,964 WARNING Discovery page failed for Groundwork Greater Manchester (https://www.groundwork.org.uk/greatermanchester/latest/?query-6-page=2): robots.txt does not permit fetching https://www.groundwork.org.uk/greatermanchester/latest/?query-6-page=2
2026-08-10 20:24:28,964 INFO Discovering pages: Groundwork Greater Manchester (0 links)
2026-08-10 20:24:29,014 INFO Discovering pages: What's Occurrin' Events (7 links)
2026-08-10 20:24:29,360 INFO Skipping visitrochdale.com: benched by an earlier run after repeated timeouts.
2026-08-10 20:24:29,360 WARNING Discovery page failed for Visit Rochdale (https://www.visitrochdale.com/whats-on): visitrochdale.com is benched after failing in an earlier run
2026-08-10 20:24:29,362 INFO Discovering pages: Visit Rochdale (0 links)
2026-08-10 20:24:29,730 INFO Discovering pages: Rochdale Council Your Events (10 links)
2026-08-10 20:24:29,886 INFO Discovering pages: Action Together Latest News (0 links)
2026-08-10 20:24:29,888 INFO Discovering pages: Action Together Rochdale News (0 links)
2026-08-10 20:24:29,913 WARNING Browser render failed for https://www.rochdalecreates.co.uk/whats-on: BrowserType.launch: Executable doesn't exist at /home/runner/.cache/ms-playwright/chromium_headless_shell-1234/chrome-headless-shell-linux64/chrome-headless-shell
╔════════════════════════════════════════════════════════════╗
║ Looks like Playwright was just installed or updated.       ║
║ Please run the following command to download new browsers: ║
║                                                            ║
║     playwright install                                     ║
║                                                            ║
║ <3 Playwright Team                                         ║
╚════════════════════════════════════════════════════════════╝
2026-08-10 20:24:29,913 WARNING Discovery page failed for Rochdale Creates What's On (https://www.rochdalecreates.co.uk/whats-on): BrowserType.launch: Executable doesn't exist at /home/runner/.cache/ms-playwright/chromium_headless_shell-1234/chrome-headless-shell-linux64/chrome-headless-shell
╔════════════════════════════════════════════════════════════╗
║ Looks like Playwright was just installed or updated.       ║
║ Please run the following command to download new browsers: ║
║                                                            ║
║     playwright install                                     ║
║                                                            ║
║ <3 Playwright Team                                         ║
╚════════════════════════════════════════════════════════════╝
2026-08-10 20:24:29,915 INFO Discovering pages: Rochdale Creates What's On (0 links)
2026-08-10 20:24:29,925 WARNING Browser render failed for https://www.rochdalecreates.co.uk/news: BrowserType.launch: Executable doesn't exist at /home/runner/.cache/ms-playwright/chromium_headless_shell-1234/chrome-headless-shell-linux64/chrome-headless-shell
╔════════════════════════════════════════════════════════════╗
║ Looks like Playwright was just installed or updated.       ║
║ Please run the following command to download new browsers: ║
║                                                            ║
║     playwright install                                     ║
║                                                            ║
║ <3 Playwright Team                                         ║
╚════════════════════════════════════════════════════════════╝
2026-08-10 20:24:29,925 WARNING Discovery page failed for Rochdale Creates News (https://www.rochdalecreates.co.uk/news): BrowserType.launch: Executable doesn't exist at /home/runner/.cache/ms-playwright/chromium_headless_shell-1234/chrome-headless-shell-linux64/chrome-headless-shell
╔════════════════════════════════════════════════════════════╗
║ Looks like Playwright was just installed or updated.       ║
║ Please run the following command to download new browsers: ║
║                                                            ║
║     playwright install                                     ║
║                                                            ║
║ <3 Playwright Team                                         ║
╚════════════════════════════════════════════════════════════╝
2026-08-10 20:24:29,926 INFO Discovering pages: Rochdale Creates News (0 links)
2026-08-10 20:24:30,054 INFO robots.txt declined direct fetch; relying on RSS, indexed search results or authorised APIs instead: https://news.tfgm.com/
2026-08-10 20:24:30,055 WARNING Discovery page failed for TfGM Newsroom (https://news.tfgm.com/): robots.txt does not permit fetching https://news.tfgm.com/
2026-08-10 20:24:30,056 INFO Discovering pages: TfGM Newsroom (0 links)
2026-08-10 20:24:30,140 INFO Skipping yourtrustrochdale.co.uk: benched by an earlier run after repeated timeouts.
2026-08-10 20:24:30,140 WARNING Discovery page failed for Your Trust Rochdale News Archive (https://www.yourtrustrochdale.co.uk/category/news/): yourtrustrochdale.co.uk is benched after failing in an earlier run
2026-08-10 20:24:30,141 INFO Discovering pages: Your Trust Rochdale News Archive (0 links)
2026-08-10 20:24:30,213 INFO robots.txt declined direct fetch; relying on RSS, indexed search results or authorised APIs instead: https://www.northernrailway.co.uk/service-updates
2026-08-10 20:24:30,214 WARNING Discovery page failed for Northern Service Updates (https://www.northernrailway.co.uk/service-updates): robots.txt does not permit fetching https://www.northernrailway.co.uk/service-updates
2026-08-10 20:24:30,214 INFO Discovering pages: Northern Service Updates (0 links)
2026-08-10 20:24:30,305 WARNING Discovery page failed for Your Trust Rochdale News (https://www.yourtrustrochdale.co.uk/news/): yourtrustrochdale.co.uk is benched after failing in an earlier run
2026-08-10 20:24:30,305 INFO Discovering pages: Your Trust Rochdale News (0 links)
2026-08-10 20:24:30,380 INFO Discovering pages: Rochdale Development Agency (11 links)
2026-08-10 20:24:30,409 INFO Discovering pages: Rochdale Borough Council News (21 links)
2026-08-10 20:24:30,444 INFO robots.txt declined direct fetch; relying on RSS, indexed search results or authorised APIs instead: https://www.gmp.police.uk/news/news-search/?ct=News&fdte=&page=1&tdte=
2026-08-10 20:24:30,444 WARNING Discovery page failed for Greater Manchester Police (https://www.gmp.police.uk/news/news-search/?ct=News&fdte=&page=1&tdte=): robots.txt does not permit fetching https://www.gmp.police.uk/news/news-search/?ct=News&fdte=&page=1&tdte=
2026-08-10 20:24:30,444 INFO robots.txt declined direct fetch; relying on RSS, indexed search results or authorised APIs instead: https://www.gmp.police.uk/news/news-search/?ct=News&fdte=&page=2&tdte=
2026-08-10 20:24:30,444 WARNING Discovery page failed for Greater Manchester Police (https://www.gmp.police.uk/news/news-search/?ct=News&fdte=&page=2&tdte=): robots.txt does not permit fetching https://www.gmp.police.uk/news/news-search/?ct=News&fdte=&page=2&tdte=
2026-08-10 20:24:30,444 INFO robots.txt declined direct fetch; relying on RSS, indexed search results or authorised APIs instead: https://www.gmp.police.uk/news/news-search/?ct=News&fdte=&page=3&tdte=
2026-08-10 20:24:30,444 WARNING Discovery page failed for Greater Manchester Police (https://www.gmp.police.uk/news/news-search/?ct=News&fdte=&page=3&tdte=): robots.txt does not permit fetching https://www.gmp.police.uk/news/news-search/?ct=News&fdte=&page=3&tdte=
2026-08-10 20:24:30,445 INFO robots.txt declined direct fetch; relying on RSS, indexed search results or authorised APIs instead: https://www.gmp.police.uk/news/news-search/?ct=News&fdte=&page=4&tdte=
2026-08-10 20:24:30,445 WARNING Discovery page failed for Greater Manchester Police (https://www.gmp.police.uk/news/news-search/?ct=News&fdte=&page=4&tdte=): robots.txt does not permit fetching https://www.gmp.police.uk/news/news-search/?ct=News&fdte=&page=4&tdte=
2026-08-10 20:24:30,445 INFO robots.txt declined direct fetch; relying on RSS, indexed search results or authorised APIs instead: https://www.gmp.police.uk/news/news-search/?ct=News&fdte=&page=5&tdte=
2026-08-10 20:24:30,445 WARNING Discovery page failed for Greater Manchester Police (https://www.gmp.police.uk/news/news-search/?ct=News&fdte=&page=5&tdte=): robots.txt does not permit fetching https://www.gmp.police.uk/news/news-search/?ct=News&fdte=&page=5&tdte=
2026-08-10 20:24:30,445 INFO robots.txt declined direct fetch; relying on RSS, indexed search results or authorised APIs instead: https://www.gmp.police.uk/news/news-search/?ct=News&fdte=&page=6&tdte=
2026-08-10 20:24:30,445 WARNING Discovery page failed for Greater Manchester Police (https://www.gmp.police.uk/news/news-search/?ct=News&fdte=&page=6&tdte=): robots.txt does not permit fetching https://www.gmp.police.uk/news/news-search/?ct=News&fdte=&page=6&tdte=
2026-08-10 20:24:30,445 INFO robots.txt declined direct fetch; relying on RSS, indexed search results or authorised APIs instead: https://www.gmp.police.uk/news/news-search/?ct=News&fdte=&page=7&tdte=
2026-08-10 20:24:30,445 WARNING Discovery page failed for Greater Manchester Police (https://www.gmp.police.uk/news/news-search/?ct=News&fdte=&page=7&tdte=): robots.txt does not permit fetching https://www.gmp.police.uk/news/news-search/?ct=News&fdte=&page=7&tdte=
2026-08-10 20:24:30,445 INFO robots.txt declined direct fetch; relying on RSS, indexed search results or authorised APIs instead: https://www.gmp.police.uk/news/news-search/?ct=News&fdte=&page=8&tdte=
2026-08-10 20:24:30,445 WARNING Discovery page failed for Greater Manchester Police (https://www.gmp.police.uk/news/news-search/?ct=News&fdte=&page=8&tdte=): robots.txt does not permit fetching https://www.gmp.police.uk/news/news-search/?ct=News&fdte=&page=8&tdte=
2026-08-10 20:24:30,445 INFO robots.txt declined direct fetch; relying on RSS, indexed search results or authorised APIs instead: https://www.gmp.police.uk/news/news-search/?ct=Appeals&fdte=&page=1&tdte=
2026-08-10 20:24:30,445 WARNING Discovery page failed for Greater Manchester Police (https://www.gmp.police.uk/news/news-search/?ct=Appeals&fdte=&page=1&tdte=): robots.txt does not permit fetching https://www.gmp.police.uk/news/news-search/?ct=Appeals&fdte=&page=1&tdte=
2026-08-10 20:24:30,445 INFO robots.txt declined direct fetch; relying on RSS, indexed search results or authorised APIs instead: https://www.gmp.police.uk/news/news-search/?ct=Appeals&fdte=&page=2&tdte=
2026-08-10 20:24:30,445 WARNING Discovery page failed for Greater Manchester Police (https://www.gmp.police.uk/news/news-search/?ct=Appeals&fdte=&page=2&tdte=): robots.txt does not permit fetching https://www.gmp.police.uk/news/news-search/?ct=Appeals&fdte=&page=2&tdte=
2026-08-10 20:24:30,445 INFO robots.txt declined direct fetch; relying on RSS, indexed search results or authorised APIs instead: https://www.gmp.police.uk/news/news-search/?ct=Appeals&fdte=&page=3&tdte=
2026-08-10 20:24:30,445 WARNING Discovery page failed for Greater Manchester Police (https://www.gmp.police.uk/news/news-search/?ct=Appeals&fdte=&page=3&tdte=): robots.txt does not permit fetching https://www.gmp.police.uk/news/news-search/?ct=Appeals&fdte=&page=3&tdte=
2026-08-10 20:24:30,445 INFO robots.txt declined direct fetch; relying on RSS, indexed search results or authorised APIs instead: https://www.gmp.police.uk/news/news-search/?ct=Appeals&fdte=&page=4&tdte=
2026-08-10 20:24:30,445 WARNING Discovery page failed for Greater Manchester Police (https://www.gmp.police.uk/news/news-search/?ct=Appeals&fdte=&page=4&tdte=): robots.txt does not permit fetching https://www.gmp.police.uk/news/news-search/?ct=Appeals&fdte=&page=4&tdte=
2026-08-10 20:24:30,446 INFO Discovering pages: Greater Manchester Police (0 links)
2026-08-10 20:24:30,478 INFO robots.txt declined direct fetch; relying on RSS, indexed search results or authorised APIs instead: https://www.unitedutilities.com/emergencies/up-my-street/
2026-08-10 20:24:30,478 WARNING Discovery page failed for United Utilities Incidents (https://www.unitedutilities.com/emergencies/up-my-street/): robots.txt does not permit fetching https://www.unitedutilities.com/emergencies/up-my-street/
2026-08-10 20:24:30,479 INFO Discovering pages: United Utilities Incidents (0 links)
2026-08-10 20:24:30,557 INFO Discovering pages: Roch Valley Radio Local News (40 links)
2026-08-10 20:24:30,600 INFO robots.txt declined direct fetch; relying on RSS, indexed search results or authorised APIs instead: https://rochdaleriverside.com/news/
2026-08-10 20:24:30,600 WARNING Discovery page failed for Rochdale Riverside News (https://rochdaleriverside.com/news/): robots.txt does not permit fetching https://rochdaleriverside.com/news/
2026-08-10 20:24:30,601 INFO Discovering pages: Rochdale Riverside News (0 links)
2026-08-10 20:24:30,635 INFO robots.txt declined direct fetch; relying on RSS, indexed search results or authorised APIs instead: https://nationalhighways.co.uk/our-roads/north-west/north-west-maintenance-schemes/
2026-08-10 20:24:30,635 WARNING Discovery page failed for National Highways North West (https://nationalhighways.co.uk/our-roads/north-west/north-west-maintenance-schemes/): robots.txt does not permit fetching https://nationalhighways.co.uk/our-roads/north-west/north-west-maintenance-schemes/
2026-08-10 20:24:30,636 INFO Discovering pages: National Highways North West (0 links)
2026-08-10 20:24:30,643 WARNING Discovery page failed for Greater Manchester Fire and Rescue Service (https://www.manchesterfire.gov.uk/news-events/news/): 404 Client Error: Not Found for url: https://manchesterfire.gov.uk/news-events/news/
2026-08-10 20:24:30,644 INFO Discovering pages: Greater Manchester Fire and Rescue Service (0 links)
2026-08-10 20:24:30,698 INFO robots.txt declined direct fetch; relying on RSS, indexed search results or authorised APIs instead: https://aboutmanchester.co.uk/?s=Rochdale
2026-08-10 20:24:30,698 WARNING Discovery page failed for About Manchester (https://aboutmanchester.co.uk/?s=Rochdale): robots.txt does not permit fetching https://aboutmanchester.co.uk/?s=Rochdale
2026-08-10 20:24:30,699 INFO Discovering pages: About Manchester (0 links)
2026-08-10 20:24:30,741 INFO Discovering pages: Roch Valley Radio Notices (13 links)
2026-08-10 20:24:30,857 INFO Discovering pages: Rochdale Council Events (30 links)
2026-08-10 20:24:30,891 INFO Discovering pages: GMCA News (1 links)
2026-08-10 20:24:30,911 INFO Discovering pages: BBC Manchester (40 links)
2026-08-10 20:24:30,925 INFO Discovering pages: The Independent — Rochdale (40 links)
2026-08-10 20:24:31,412 INFO Discovering pages: TfGM Travel Alerts (3 links)
2026-08-10 20:24:31,641 INFO Discovering pages: Rochdale Boroughwide Housing (2 links)
2026-08-10 20:24:31,890 WARNING Discovery page failed for Rochdale Council Webcasts (https://rochdale.public-i.tv/core/data/21235/archived/1/future/1/agenda/1/enctag/Council): Not an HTML page: text/xml;charset=UTF-8
2026-08-10 20:24:31,891 INFO Discovering pages: Rochdale Council Webcasts (0 links)
2026-08-10 20:24:31,956 INFO Discovering pages: Hopwood Hall College (8 links)
2026-08-10 20:24:32,049 INFO Discovering pages: Pennine Care NHS (7 links)
2026-08-10 20:24:32,120 INFO Discovering pages: Northern News (13 links)
2026-08-10 20:24:32,261 INFO Discovering pages: Falinge Park High School (1 links)
2026-08-10 20:24:32,447 INFO Discovering pages: St Cuthbert's RC High School (1 links)
2026-08-10 20:24:32,530 INFO Discovering pages: Rochdale Sixth Form College (0 links)
2026-08-10 20:24:32,546 INFO Discovering pages: Northern Care Alliance Rochdale (9 links)
2026-08-10 20:24:32,564 INFO Discovering pages: Rochdale Valiant (40 links)
2026-08-10 20:24:32,783 INFO Discovering pages: Rochdale Hornets (6 links)
2026-08-10 20:24:32,802 INFO Discovering pages: Rochdale Town Hall Events (17 links)
2026-08-10 20:24:32,946 INFO Discovering pages: Wardle Academy (1 links)
2026-08-10 20:24:33,000 INFO Discovering pages: Rochdale Labour (16 links)
2026-08-10 20:24:33,016 INFO Discovering pages: Edgar Wood Academy (6 links)
2026-08-10 20:24:33,155 INFO Discovering pages: Northern Care Alliance News (6 links)
2026-08-10 20:24:33,164 INFO Skipping rochdaleafccommunity.org: benched by an earlier run after repeated timeouts.
2026-08-10 20:24:33,164 WARNING Discovery page failed for Rochdale AFC Community Trust (https://www.rochdaleafccommunity.org/news/): rochdaleafccommunity.org is benched after failing in an earlier run
2026-08-10 20:24:33,164 INFO Discovering pages: Rochdale AFC Community Trust (0 links)
2026-08-10 20:24:33,240 INFO robots.txt declined direct fetch; relying on RSS, indexed search results or authorised APIs instead: https://www.hmnrconservatives.org.uk/news
2026-08-10 20:24:33,241 WARNING Discovery page failed for Heywood Middleton North and Rochdale Conservatives (https://www.hmnrconservatives.org.uk/news): robots.txt does not permit fetching https://www.hmnrconservatives.org.uk/news
2026-08-10 20:24:33,241 INFO Discovering pages: Heywood Middleton North and Rochdale Conservatives (0 links)
2026-08-10 20:24:33,252 INFO Discovering pages: Rochdale Green Party (8 links)
2026-08-10 20:24:34,396 INFO Discovering pages: Rochdale Liberal Democrats (12 links)
2026-08-10 20:24:34,710 INFO Discovering pages: Oulder Hill Leadership Academy (5 links)
2026-08-10 20:24:40,072 INFO Discovering pages: Rochdale AFC Women (2 links)
2026-08-10 20:24:40,318 INFO Discovering pages: Rochdale AFC (12 links)
2026-08-10 20:26:10,097 INFO Discovering outbound publisher links: NewsNow — Rochdale
2026-08-10 20:26:11,347 INFO Discovering outbound publisher links: Ground News — Rochdale
2026-08-10 20:26:12,788 INFO robots.txt declined direct fetch; relying on RSS, indexed search results or authorised APIs instead: https://c.newsnow.co.uk/A/1320314009?-57568:46921
2026-08-10 20:26:12,789 INFO robots.txt does not permit fetching https://c.newsnow.co.uk/A/1320314009?-57568:46921
2026-08-10 20:26:12,789 INFO robots.txt declined direct fetch; relying on RSS, indexed search results or authorised APIs instead: https://c.newsnow.co.uk/A/1321206145?-57568:46921
2026-08-10 20:26:12,789 INFO robots.txt does not permit fetching https://c.newsnow.co.uk/A/1321206145?-57568:46921
2026-08-10 20:26:12,789 INFO robots.txt declined direct fetch; relying on RSS, indexed search results or authorised APIs instead: https://c.newsnow.co.uk/A/1321188791?-57568:46921
2026-08-10 20:26:12,789 INFO robots.txt does not permit fetching https://c.newsnow.co.uk/A/1321188791?-57568:46921
2026-08-10 20:26:12,790 INFO robots.txt declined direct fetch; relying on RSS, indexed search results or authorised APIs instead: https://c.newsnow.co.uk/A/1321235447?-57568:46921
2026-08-10 20:26:12,791 INFO robots.txt does not permit fetching https://c.newsnow.co.uk/A/1321235447?-57568:46921
2026-08-10 20:26:12,792 INFO robots.txt declined direct fetch; relying on RSS, indexed search results or authorised APIs instead: https://c.newsnow.co.uk/A/1321156665?-57568:46921
2026-08-10 20:26:12,791 INFO robots.txt declined direct fetch; relying on RSS, indexed search results or authorised APIs instead: https://c.newsnow.co.uk/A/1321160940?-57568:46921
2026-08-10 20:26:12,792 INFO robots.txt does not permit fetching https://c.newsnow.co.uk/A/1321156665?-57568:46921
2026-08-10 20:26:12,793 INFO robots.txt declined direct fetch; relying on RSS, indexed search results or authorised APIs instead: https://c.newsnow.co.uk/A/1320759115?-57568:46921
2026-08-10 20:26:12,793 INFO robots.txt does not permit fetching https://c.newsnow.co.uk/A/1321160940?-57568:46921
2026-08-10 20:26:12,794 INFO robots.txt declined direct fetch; relying on RSS, indexed search results or authorised APIs instead: https://c.newsnow.co.uk/A/1320613995?-57568:46921
2026-08-10 20:26:12,794 INFO robots.txt declined direct fetch; relying on RSS, indexed search results or authorised APIs instead: https://c.newsnow.co.uk/A/1321126821?-57568:46921
2026-08-10 20:26:12,794 INFO robots.txt does not permit fetching https://c.newsnow.co.uk/A/1320759115?-57568:46921
2026-08-10 20:26:12,795 INFO robots.txt declined direct fetch; relying on RSS, indexed search results or authorised APIs instead: https://c.newsnow.co.uk/A/1321100343?-57568:46921
2026-08-10 20:26:12,795 INFO robots.txt does not permit fetching https://c.newsnow.co.uk/A/1320613995?-57568:46921
2026-08-10 20:26:12,795 INFO robots.txt does not permit fetching https://c.newsnow.co.uk/A/1321126821?-57568:46921
2026-08-10 20:26:12,796 INFO robots.txt declined direct fetch; relying on RSS, indexed search results or authorised APIs instead: https://c.newsnow.co.uk/A/1321230821?-57568:46921
2026-08-10 20:26:12,797 INFO robots.txt declined direct fetch; relying on RSS, indexed search results or authorised APIs instead: https://c.newsnow.co.uk/A/1321074740?-57568:46921
2026-08-10 20:26:12,797 INFO robots.txt does not permit fetching https://c.newsnow.co.uk/A/1321100343?-57568:46921
2026-08-10 20:26:12,797 INFO robots.txt declined direct fetch; relying on RSS, indexed search results or authorised APIs instead: https://c.newsnow.co.uk/A/1321032893?-57568:46921
2026-08-10 20:26:12,797 INFO robots.txt declined direct fetch; relying on RSS, indexed search results or authorised APIs instead: https://c.newsnow.co.uk/A/1321030240?-57568:46921
2026-08-10 20:26:12,797 INFO robots.txt does not permit fetching https://c.newsnow.co.uk/A/1321230821?-57568:46921
2026-08-10 20:26:12,797 INFO robots.txt does not permit fetching https://c.newsnow.co.uk/A/1321074740?-57568:46921
2026-08-10 20:26:12,798 INFO robots.txt does not permit fetching https://c.newsnow.co.uk/A/1321032893?-57568:46921
2026-08-10 20:26:12,799 INFO robots.txt declined direct fetch; relying on RSS, indexed search results or authorised APIs instead: https://c.newsnow.co.uk/A/1320219207?-57568:46921
2026-08-10 20:26:12,800 INFO robots.txt declined direct fetch; relying on RSS, indexed search results or authorised APIs instead: https://c.newsnow.co.uk/A/1321002913?-57568:46921
2026-08-10 20:26:12,800 INFO robots.txt declined direct fetch; relying on RSS, indexed search results or authorised APIs instead: https://c.newsnow.co.uk/A/1321004458?-57568:46921
2026-08-10 20:26:12,802 INFO robots.txt declined direct fetch; relying on RSS, indexed search results or authorised APIs instead: https://c.newsnow.co.uk/A/1321219652?-57568:46921
2026-08-10 20:26:12,803 INFO robots.txt declined direct fetch; relying on RSS, indexed search results or authorised APIs instead: https://c.newsnow.co.uk/A/1321292045?-57568:46921
2026-08-10 20:26:12,804 INFO robots.txt declined direct fetch; relying on RSS, indexed search results or authorised APIs instead: https://c.newsnow.co.uk/A/1321318208?-57568:46921
2026-08-10 20:26:12,805 INFO robots.txt declined direct fetch; relying on RSS, indexed search results or authorised APIs instead: https://c.newsnow.co.uk/A/1321315184?-57568:46921
2026-08-10 20:26:12,805 INFO robots.txt does not permit fetching https://c.newsnow.co.uk/A/1321030240?-57568:46921
2026-08-10 20:26:12,805 INFO robots.txt declined direct fetch; relying on RSS, indexed search results or authorised APIs instead: https://c.newsnow.co.uk/A/1320974564?-57568:46921
2026-08-10 20:26:12,805 INFO robots.txt declined direct fetch; relying on RSS, indexed search results or authorised APIs instead: https://c.newsnow.co.uk/A/1320916537?-57568:46921
2026-08-10 20:26:12,806 INFO robots.txt declined direct fetch; relying on RSS, indexed search results or authorised APIs instead: https://c.newsnow.co.uk/A/1320908828?-57568:46921
2026-08-10 20:26:12,806 INFO robots.txt does not permit fetching https://c.newsnow.co.uk/A/1320219207?-57568:46921
2026-08-10 20:26:12,806 INFO robots.txt does not permit fetching https://c.newsnow.co.uk/A/1321002913?-57568:46921
2026-08-10 20:26:12,806 INFO robots.txt declined direct fetch; relying on RSS, indexed search results or authorised APIs instead: https://c.newsnow.co.uk/A/1320884509?-57568:46921
2026-08-10 20:26:12,806 INFO robots.txt does not permit fetching https://c.newsnow.co.uk/A/1320884509?-57568:46921
2026-08-10 20:26:12,806 INFO robots.txt does not permit fetching https://c.newsnow.co.uk/A/1321292045?-57568:46921
2026-08-10 20:26:12,806 INFO robots.txt does not permit fetching https://c.newsnow.co.uk/A/1321318208?-57568:46921
2026-08-10 20:26:12,806 INFO robots.txt does not permit fetching https://c.newsnow.co.uk/A/1321315184?-57568:46921
2026-08-10 20:26:12,807 INFO robots.txt does not permit fetching https://c.newsnow.co.uk/A/1320974564?-57568:46921
2026-08-10 20:26:12,807 INFO robots.txt does not permit fetching https://c.newsnow.co.uk/A/1320916537?-57568:46921
2026-08-10 20:26:12,813 INFO robots.txt does not permit fetching https://c.newsnow.co.uk/A/1321004458?-57568:46921
2026-08-10 20:26:12,813 INFO robots.txt declined direct fetch; relying on RSS, indexed search results or authorised APIs instead: https://www.linkedin.com/company/groundnews
2026-08-10 20:26:12,813 INFO robots.txt does not permit fetching https://www.linkedin.com/company/groundnews
2026-08-10 20:26:12,820 INFO robots.txt declined direct fetch; relying on RSS, indexed search results or authorised APIs instead: https://c.newsnow.co.uk/A/1321268403?-57568:46921
2026-08-10 20:26:12,821 INFO robots.txt does not permit fetching https://c.newsnow.co.uk/A/1321268403?-57568:46921
2026-08-10 20:26:12,824 INFO robots.txt does not permit fetching https://c.newsnow.co.uk/A/1321219652?-57568:46921
2026-08-10 20:26:12,827 INFO robots.txt does not permit fetching https://c.newsnow.co.uk/A/1320908828?-57568:46921
2026-08-10 20:30:44,184 WARNING Could not read robots.txt for https://yespunjab.com; allowing a standard public-page request.
2026-08-10 20:31:08,271 WARNING Retrying (Retry(total=1, connect=1, read=1, redirect=None, status=None)) after connection broken by 'NewConnectionError("HTTPSConnection(host='yespunjab.com', port=443): Failed to establish a new connection: [Errno 101] Network is unreachable")': /uk-grooming-gang-cases-put-pakistan-under-scrutiny-over-child-protection-accountability/
2026-08-10 20:31:32,997 WARNING Retrying (Retry(total=0, connect=0, read=1, redirect=None, status=None)) after connection broken by 'NewConnectionError("HTTPSConnection(host='yespunjab.com', port=443): Failed to establish a new connection: [Errno 101] Network is unreachable")': /uk-grooming-gang-cases-put-pakistan-under-scrutiny-over-child-protection-accountability/
2026-08-10 20:31:58,555 WARNING Live page failed for Northern live service updates: robots.txt does not permit fetching https://www.northernrailway.co.uk/service-updates
2026-08-10 20:32:02,369 WARNING Google News browser resolution stopped early: BrowserType.launch: Executable doesn't exist at /home/runner/.cache/ms-playwright/chromium_headless_shell-1234/chrome-headless-shell-linux64/chrome-headless-shell
╔════════════════════════════════════════════════════════════╗
║ Looks like Playwright was just installed or updated.       ║
║ Please run the following command to download new browsers: ║
║                                                            ║
║     playwright install                                     ║
║                                                            ║
║ <3 Playwright Team                                         ║
╚════════════════════════════════════════════════════════════╝
2026-08-10 20:32:02,371 INFO Google News resolution: 0/26 newly resolved (5 served from cache).
2026-08-10 20:32:05,370 INFO Google News wrappers: 40 seen, 4 resolved, 2 gained article text, 3 gained a publisher image, 0 re-attributed to the real publisher.
2026-08-10 20:32:07,320 INFO Candidate volume: 71 raw items -> 47 story clusters
2026-08-10 20:32:14,895 INFO Balanced selection: 20 eligible -> 20 selected; categories=['business', 'community', 'crime', 'education', 'health', 'news', 'sport', 'traffic', 'transport']; wards=['Spotland and Falinge']
2026-08-10 20:32:14,911 ERROR OpenAI is unavailable; refusing to publish generic filler for https://www.rochvalleyradio.com/news/local-news/controversial-student-housing-scheme-refusal-appealed-by-developer/
2026-08-10 20:32:14,929 ERROR OpenAI is unavailable; refusing to publish generic filler for https://www.rochvalleyradio.com/news/local-news/prestwich-sisters-secure-sainsburys-listing-after-recovering-from-warehouse-fire/
2026-08-10 20:32:14,932 ERROR OpenAI is unavailable; refusing to publish generic filler for https://www.manchestereveningnews.co.uk/news/greater-manchester-news/this-eviction-making-really-ill-34417506
2026-08-10 20:32:14,955 INFO robots.txt declined direct fetch; relying on RSS, indexed search results or authorised APIs instead: https://news.google.com/rss/articles/CBMiUkFVX3lxTE5SNDk3aWhBR3JPQnBoYTJrcDYwV08xckRmMEpDNVA5R0JMNVpOMWZsVlo1ZmdDWk9XWnlYSmxMUnh4LWxzWmFzSTJ1TTE0RW13eHc?oc=5
2026-08-10 20:32:14,957 INFO robots.txt declined direct fetch; relying on RSS, indexed search results or authorised APIs instead: https://news.google.com/rss/articles/CBMiYkFVX3lxTE01cXZYZFZSMVdfRl9feU4xT3ZEaFFUMjJKam11OTNmTGJZRVpXSmZRMnVYa1J6N3ZPeXVhMVo1MTNXUnpkUEJhUDlkRW0wejdtYUZ4aHF0bHlfa05QNkpHNE1n?oc=5
2026-08-10 20:32:14,957 ERROR OpenAI is unavailable; refusing to publish generic filler for https://news.google.com/rss/articles/CBMiUkFVX3lxTE5SNDk3aWhBR3JPQnBoYTJrcDYwV08xckRmMEpDNVA5R0JMNVpOMWZsVlo1ZmdDWk9XWnlYSmxMUnh4LWxzWmFzSTJ1TTE0RW13eHc?oc=5
2026-08-10 20:32:14,957 ERROR OpenAI is unavailable; refusing to publish generic filler for https://news.google.com/rss/articles/CBMiYkFVX3lxTE01cXZYZFZSMVdfRl9feU4xT3ZEaFFUMjJKam11OTNmTGJZRVpXSmZRMnVYa1J6N3ZPeXVhMVo1MTNXUnpkUEJhUDlkRW0wejdtYUZ4aHF0bHlfa05QNkpHNE1n?oc=5
2026-08-10 20:32:14,961 INFO robots.txt declined direct fetch; relying on RSS, indexed search results or authorised APIs instead: https://news.google.com/rss/articles/CBMiugFBVV95cUxPMG5jc1dJeWJRWFBOUHNyQVFmVTlDTllPN2YwYnl4MVNGTVB5OTBtSThBZnJVS1VCaVE1Y0FvaGlYYjBHd1BlRWVVSnYyTkIxQ2NGdXl0d2syN2NhNWxKVEZMM0tvWmdjOUN5V21GVWNjV2gycUgwVVRLWVA5cTVLb2JsX051VE54dTNvUUJzV1FQdmRFV19xdXpXSnhpeWdyX3pjakgycGV5UER6U19qOEtQdEtaWUpZN2c?oc=5
2026-08-10 20:32:14,962 ERROR OpenAI is unavailable; refusing to publish generic filler for https://news.google.com/rss/articles/CBMiugFBVV95cUxPMG5jc1dJeWJRWFBOUHNyQVFmVTlDTllPN2YwYnl4MVNGTVB5OTBtSThBZnJVS1VCaVE1Y0FvaGlYYjBHd1BlRWVVSnYyTkIxQ2NGdXl0d2syN2NhNWxKVEZMM0tvWmdjOUN5V21GVWNjV2gycUgwVVRLWVA5cTVLb2JsX051VE54dTNvUUJzV1FQdmRFV19xdXpXSnhpeWdyX3pjakgycGV5UER6U19qOEtQdEtaWUpZN2c?oc=5
2026-08-10 20:32:14,960 ERROR OpenAI is unavailable; refusing to publish generic filler for https://www.bbc.co.uk/news/articles/c3r03q48445o
2026-08-10 20:32:14,974 INFO robots.txt declined direct fetch; relying on RSS, indexed search results or authorised APIs instead: https://news.google.com/rss/articles/CBMi1AFBVV95cUxQa0ZFakFYLTVVWmpwMHJPbU03aUFrNEltemx6dks4WWNzeGducWpBMzJZeXRjVm5zaDhKc0ZTbkQ5eG45ZGxyV0IyNldlRUJtZHYyRC1hb2dId3FvbnJXM0hwWDUxYS1qVWNpRHhEY2N6T2I1ZFg3WmlUN3VycWV6dFgwM1RYNUtlOWtueEZEQXVxX1RNYnE1SDhVdE54UmZZT3B3RkllSGRsdnNmNG1wbjI5aURnazBCUkRqUVpBX0JkWGQ2d2ZpazExTEt6TV9vcTZ2Ug?oc=5
2026-08-10 20:32:14,975 ERROR OpenAI is unavailable; refusing to publish generic filler for https://news.google.com/rss/articles/CBMi1AFBVV95cUxQa0ZFakFYLTVVWmpwMHJPbU03aUFrNEltemx6dks4WWNzeGducWpBMzJZeXRjVm5zaDhKc0ZTbkQ5eG45ZGxyV0IyNldlRUJtZHYyRC1hb2dId3FvbnJXM0hwWDUxYS1qVWNpRHhEY2N6T2I1ZFg3WmlUN3VycWV6dFgwM1RYNUtlOWtueEZEQXVxX1RNYnE1SDhVdE54UmZZT3B3RkllSGRsdnNmNG1wbjI5aURnazBCUkRqUVpBX0JkWGQ2d2ZpazExTEt6TV9vcTZ2Ug?oc=5
2026-08-10 20:32:15,381 ERROR OpenAI is unavailable; refusing to publish generic filler for https://www.manchestereveningnews.co.uk/whats-on/music-nightlife-news/electro-pop-pioneers-omd-make-34425018
2026-08-10 20:32:15,382 INFO robots.txt declined direct fetch; relying on RSS, indexed search results or authorised APIs instead: https://news.google.com/rss/articles/CBMiUkFVX3lxTE8td2dtSjRMcTdDcW1wanpUcGJnZ1h5Y043NU9kM2E4X00zRmpXRndyRFh6WXFLYWxmU05Gbmk0QWt3UHRmb3FtRkMzWHpvZU0tdEE?oc=5
2026-08-10 20:32:15,382 INFO robots.txt declined direct fetch; relying on RSS, indexed search results or authorised APIs instead: https://news.google.com/rss/articles/CBMi3wFBVV95cUxQdmJyTU1qZmtHWnV6b2Z0RFBfOVdqQzVaWkhsRDBxb09yUnByQUI2NUExbzlsQlpRTTBVbzVwMl9zN2J1aFhtX3k0SllXcV94eFVwd1VXOVdtVUJ6TzEwU29sTnBnc1VUNEdYOHhUOF9uV2lfa3RMamNGb3Nyamg3VGdnXzhKVXBiYkR6RzVSN0pQYV9GX19YZjdSaXlmQ2NmM1BuUE1HNmMyZ2s1ZVJTMFkwNDRxSDFtdU1LSzY1bzA3VnJWNTBKTjNKMi13OWlzWEhnNUxHdlZ2d1E4UXM4?oc=5
2026-08-10 20:32:15,383 ERROR OpenAI is unavailable; refusing to publish generic filler for https://news.google.com/rss/articles/CBMiUkFVX3lxTE8td2dtSjRMcTdDcW1wanpUcGJnZ1h5Y043NU9kM2E4X00zRmpXRndyRFh6WXFLYWxmU05Gbmk0QWt3UHRmb3FtRkMzWHpvZU0tdEE?oc=5
2026-08-10 20:32:15,499 ERROR OpenAI is unavailable; refusing to publish generic filler for https://www.rochvalleyradio.com/news/uk/early-release-of-two-of-pc-andrew-harpers-killers-under-review-sky-news-understands/
2026-08-10 20:32:15,501 INFO robots.txt declined direct fetch; relying on RSS, indexed search results or authorised APIs instead: https://news.google.com/rss/articles/CBMicEFVX3lxTE9pbW1RMDFKUlRkR2FuNUMwS3N2M0UxTVplSUZiaVRNd3N4VVVMM3FZWEVoVV9VWHFfM25fVmJsZy1kdGFXYVJ3OTVCZnN6c1Q1enF2Smp0eW5XTmY4RktDYm5lZ0FEdkJfTU9aZXdjYzA?oc=5
2026-08-10 20:32:15,501 ERROR OpenAI is unavailable; refusing to publish generic filler for https://news.google.com/rss/articles/CBMicEFVX3lxTE9pbW1RMDFKUlRkR2FuNUMwS3N2M0UxTVplSUZiaVRNd3N4VVVMM3FZWEVoVV9VWHFfM25fVmJsZy1kdGFXYVJ3OTVCZnN6c1Q1enF2Smp0eW5XTmY4RktDYm5lZ0FEdkJfTU9aZXdjYzA?oc=5
2026-08-10 20:32:15,504 ERROR OpenAI is unavailable; refusing to publish generic filler for https://www.rochvalleyradio.com/news/local-news/new-care-home-in-rochdale-approved/
2026-08-10 20:32:15,505 INFO robots.txt declined direct fetch; relying on RSS, indexed search results or authorised APIs instead: https://news.google.com/rss/articles/CBMivwFBVV95cUxONUQzaTVEUjBYQm9ydGN6X3A4X1k4bGNQdUZTT201UkhyeW12TkY1Y1FsaWlmZlJaMHBfTWlWZXlmSlZhOEtldm5IdzZlNExtSGFSSGxvSjNLOE1lNkxNOUZLV0lDWXVOYzYxUFBMcDlFS2U3Z0VlZXJjNkpRckJvVk13OGFiM2xDY29WeDFwNXVlR0w2cWF3MmpYdGQ4SFV6YkxURXdCTU1RZjdSVm5BdzBSdmdKYmx0NEZTelZ2WQ?oc=5
2026-08-10 20:32:15,505 ERROR OpenAI is unavailable; refusing to publish generic filler for https://news.google.com/rss/articles/CBMivwFBVV95cUxONUQzaTVEUjBYQm9ydGN6X3A4X1k4bGNQdUZTT201UkhyeW12TkY1Y1FsaWlmZlJaMHBfTWlWZXlmSlZhOEtldm5IdzZlNExtSGFSSGxvSjNLOE1lNkxNOUZLV0lDWXVOYzYxUFBMcDlFS2U3Z0VlZXJjNkpRckJvVk13OGFiM2xDY29WeDFwNXVlR0w2cWF3MmpYdGQ4SFV6YkxURXdCTU1RZjdSVm5BdzBSdmdKYmx0NEZTelZ2WQ?oc=5
2026-08-10 20:32:15,542 INFO robots.txt declined direct fetch; relying on RSS, indexed search results or authorised APIs instead: https://news.google.com/rss/articles/CBMitwFBVV95cUxQazg5WmVmR3hXMGtSdlNuSzhBamt4d3djMzhSNlBoVWwxVmR3aUl2QjhrWlI2NjY5ZFBwUUZjSUFXNmdUQzF5SG9XSzlPdTVmMks2MExxcFdVdlBkWkRHcXpMZzE1TzM0b1VmM2lTLUJBVkJIZFdJNzlVdGhqclpwbVkzY0RTb1hPXzZBMlFfNkhEZzhJNDNPZzdwQjBGS25DbVBLZFJLMGJqUmlVQkRHREh2N2FVYlU?oc=5
2026-08-10 20:32:15,543 ERROR OpenAI is unavailable; refusing to publish generic filler for https://www.rochvalleyradio.com/local/photos/rochdale-feel-good-festival-and-omd-2026/
2026-08-10 20:32:15,583 ERROR OpenAI is unavailable; refusing to publish generic filler for https://www.rochdale.gov.uk/contact-us/estates-asset-management-team-contact-details
2026-08-10 20:32:16,018 WARNING Final rewrite failed quality checks for https://ratings.food.gov.uk/open-data#rochdale-2026-08: Rewrite the long verbatim source passage.
2026-08-10 20:32:20,558 ERROR OpenAI is unavailable; refusing to publish generic filler for https://rochdaleafc.co.uk/ian-watson-talks-after-bradford-game/
2026-08-10 20:32:20,733 ERROR OpenAI is unavailable; refusing to publish generic filler for https://rochdaleafc.co.uk/youth-team-oldham-athletic-home-080826/
2026-08-10 20:32:21,424 ERROR OpenAI is unavailable; refusing to publish generic filler for https://rochdaleafc.co.uk/commentary-bradford-city-080826/
2026-08-10 20:33:03,778 WARNING Held back 72 article(s) below the 200-word publication floor after merging: MBF Cleaning sponsors Rochdale Foodbank van to support deliveries across the borough; Free food, performances and community activities coming to Rochdale town centre this Saturday; Rochdale Events Aim to Strengthen Local Businesses; Minor Delays on Rochdale & East Didsbury Tram Line Due to Vehicle Fault; Calls for Immediate Deportation of Grooming Gang Offenders; Lift at Derker Tram Stop Out of Service Until Further Notice; Rochdale Council to Host Annual Sensory Awareness Day; Two prison officers in Rochdale develop relationships with drug dealers; Rochdale Hornets Women Face Leigh Miners Rangers in Northern League 1; Rochdale AFC Faces Bradford City in August 2026 Match
2026-08-10 20:33:03,801 INFO Complete: 123 live articles, 0 new, 20 AI/fallback attempts, 20 skipped, 24 duplicates merged
2026-08-10 21:16:19,673 INFO Skipping 4 domain(s) benched by earlier runs: rochdaleafc.co.uk, rochdaleafccommunity.org, visitrochdale.com, yourtrustrochdale.co.uk
2026-08-10 21:16:19,673 INFO Starting Rochdale Daily 15-minute pipeline
2026-08-10 21:16:20,414 WARNING Dropped editorially removed story from retained feed: Videos raise hygiene concerns at one-star Halifax Road halal meat shop
2026-08-10 21:17:02,389 INFO X social correlation inactive: add the X_BEARER_TOKEN GitHub secret.
2026-08-10 21:17:02,389 INFO Facebook comment correlation inactive: add the FACEBOOK_PAGE_ACCESS_TOKEN secret with the required Page access.
2026-08-10 21:17:02,390 INFO Reading RSS: BBC Manchester
2026-08-10 21:17:02,845 INFO Raw entries for BBC Manchester: 24
2026-08-10 21:17:06,315 INFO Reading RSS: Manchester Evening News — Rochdale
2026-08-10 21:17:06,431 INFO Raw entries for Manchester Evening News — Rochdale: 0
2026-08-10 21:17:06,432 INFO Reading RSS: Greater Manchester Fire and Rescue Service
2026-08-10 21:17:06,770 WARNING RSS warning for Greater Manchester Fire and Rescue Service: <unknown>:27:42: not well-formed (invalid token)
2026-08-10 21:17:06,771 INFO Raw entries for Greater Manchester Fire and Rescue Service: 0
2026-08-10 21:17:06,771 INFO Reading RSS: Rochdale AFC
2026-08-10 21:17:12,837 INFO Raw entries for Rochdale AFC: 0
2026-08-10 21:17:12,837 INFO Reading RSS: Google News — priority:reform-rochdale
2026-08-10 21:17:14,598 INFO Raw entries for Google News — priority:reform-rochdale: 0
2026-08-10 21:17:14,598 INFO Reading RSS: Google News — priority:reform-rochdale-local
2026-08-10 21:17:16,738 INFO Raw entries for Google News — priority:reform-rochdale-local: 58
2026-08-10 21:17:17,811 INFO Blocked prohibited source: TikTok
2026-08-10 21:17:18,520 INFO Blocked prohibited source: TikTok
2026-08-10 21:17:24,272 INFO Blocked prohibited source: TikTok
2026-08-10 21:17:26,353 INFO Reading RSS: Google News — priority:restore-rochdale
2026-08-10 21:17:28,085 INFO Raw entries for Google News — priority:restore-rochdale: 0
2026-08-10 21:17:28,085 INFO Reading RSS: Google News — priority:workers-party-rochdale
2026-08-10 21:17:29,860 INFO Raw entries for Google News — priority:workers-party-rochdale: 0
2026-08-10 21:17:29,860 INFO Reading RSS: Google News — priority:labour-rochdale
2026-08-10 21:17:31,618 INFO Raw entries for Google News — priority:labour-rochdale: 0
2026-08-10 21:17:31,618 INFO Reading RSS: Google News — priority:libdem-rochdale
2026-08-10 21:17:33,332 INFO Raw entries for Google News — priority:libdem-rochdale: 0
2026-08-10 21:17:33,332 INFO Reading RSS: Google News — priority:green-rochdale
2026-08-10 21:17:35,059 INFO Raw entries for Google News — priority:green-rochdale: 0
2026-08-10 21:17:35,059 INFO Reading RSS: Google News — priority:conservative-rochdale
2026-08-10 21:17:36,765 INFO Raw entries for Google News — priority:conservative-rochdale: 0
2026-08-10 21:17:36,765 INFO Reading RSS: Google News — priority:planning-rochdale
2026-08-10 21:17:39,137 INFO Raw entries for Google News — priority:planning-rochdale: 100
2026-08-10 21:17:55,876 WARNING Retrying (Retry(total=1, connect=2, read=0, redirect=None, status=None)) after connection broken by 'ReadTimeoutError("HTTPSConnectionPool(host='www.totaljobs.com', port=443): Read timed out. (read timeout=12)")': /
2026-08-10 21:18:09,719 INFO robots.txt declined direct fetch; relying on RSS, indexed search results or authorised APIs instead: https://www.glassdoor.co.uk
2026-08-10 21:18:10,339 INFO robots.txt declined direct fetch; relying on RSS, indexed search results or authorised APIs instead: https://www.linkedin.com
2026-08-10 21:18:10,341 INFO Blocked prohibited source: Rochdale Times
2026-08-10 21:18:12,759 INFO robots.txt declined direct fetch; relying on RSS, indexed search results or authorised APIs instead: https://uk.linkedin.com
2026-08-10 21:18:20,902 INFO robots.txt declined direct fetch; relying on RSS, indexed search results or authorised APIs instead: https://www.prolificnorth.co.uk
2026-08-10 21:18:20,903 INFO Blocked prohibited source: TikTok
2026-08-10 21:18:23,127 INFO Reading RSS: Google News — priority:planning-council
2026-08-10 21:18:24,903 INFO Raw entries for Google News — priority:planning-council: 3
2026-08-10 21:18:26,872 INFO Reading RSS: Google News — priority:crime-fast
2026-08-10 21:18:28,731 INFO Raw entries for Google News — priority:crime-fast: 2
2026-08-10 21:18:28,732 INFO Reading RSS: Google News — priority:crime-web
2026-08-10 21:18:30,972 INFO Raw entries for Google News — priority:crime-web: 100
2026-08-10 21:18:39,896 INFO Blocked prohibited source: Rochdale Times
2026-08-10 21:18:48,265 INFO Reading RSS: Google News — priority:water
2026-08-10 21:18:50,435 INFO Raw entries for Google News — priority:water: 100
2026-08-10 21:19:05,979 INFO Reading RSS: Google News — priority:power
2026-08-10 21:19:08,288 INFO Raw entries for Google News — priority:power: 100
2026-08-10 21:19:10,125 INFO Resolved Google News item to publisher via <source>: Manchester Evening News -> https://www.manchestereveningnews.co.uk/whats-on/music-nightlife-news/electro-pop-pioneers-omd-make-34425018
2026-08-10 21:19:23,476 INFO Reading RSS: Google News — priority:roads
2026-08-10 21:19:25,698 INFO Raw entries for Google News — priority:roads: 100
2026-08-10 21:19:41,317 INFO Reading RSS: Google News — priority:environment
2026-08-10 21:19:43,180 INFO Raw entries for Google News — priority:environment: 2
2026-08-10 21:19:43,662 INFO Reading RSS: Google News — official-gmp:1
2026-08-10 21:19:45,426 INFO Raw entries for Google News — official-gmp:1: 0
2026-08-10 21:19:45,426 INFO Reading RSS: Google News — official-gmp:2
2026-08-10 21:19:47,197 INFO Raw entries for Google News — official-gmp:2: 0
2026-08-10 21:19:47,197 INFO Reading RSS: Google News — official-gmp:3
2026-08-10 21:19:48,963 INFO Raw entries for Google News — official-gmp:3: 0
2026-08-10 21:19:48,963 INFO Reading RSS: Google News — official-gmp:4
2026-08-10 21:19:50,736 INFO Raw entries for Google News — official-gmp:4: 0
2026-08-10 21:19:50,736 INFO Reading RSS: Google News — always-traffic:1
2026-08-10 21:19:52,958 INFO Raw entries for Google News — always-traffic:1: 100
2026-08-10 21:20:02,337 INFO Blocked prohibited source: Reddit
2026-08-10 21:20:08,605 INFO Reading RSS: Google News — always-traffic:2
2026-08-10 21:20:10,684 INFO Raw entries for Google News — always-traffic:2: 100
2026-08-10 21:20:16,620 INFO Blocked prohibited source: Reddit
2026-08-10 21:20:26,780 INFO Reading RSS: Google News — always-traffic:3
2026-08-10 21:20:29,070 INFO Raw entries for Google News — always-traffic:3: 100
2026-08-10 21:20:44,405 INFO Reading RSS: Google News — always-traffic:4
2026-08-10 21:20:46,155 INFO Raw entries for Google News — always-traffic:4: 0
2026-08-10 21:20:46,155 INFO Reading RSS: Google News — always-traffic:5
2026-08-10 21:20:47,940 INFO Raw entries for Google News — always-traffic:5: 0
2026-08-10 21:20:47,940 INFO Reading RSS: Google News — civic:council-actions
2026-08-10 21:20:49,694 INFO Raw entries for Google News — civic:council-actions: 0
2026-08-10 21:20:49,694 INFO Reading RSS: Google News — civic:paul-waugh
2026-08-10 21:20:51,489 INFO Raw entries for Google News — civic:paul-waugh: 10
2026-08-10 21:20:53,379 INFO Reading RSS: Google News — civic:paul-waugh-parliament
2026-08-10 21:20:55,089 INFO Raw entries for Google News — civic:paul-waugh-parliament: 0
2026-08-10 21:20:55,090 INFO Reading RSS: Google News — civic:paul-waugh-hansard
2026-08-10 21:20:56,822 INFO Raw entries for Google News — civic:paul-waugh-hansard: 0
2026-08-10 21:20:56,822 INFO Reading RSS: Google News — civic:hansard-rochdale
2026-08-10 21:20:58,557 INFO Raw entries for Google News — civic:hansard-rochdale: 0
2026-08-10 21:20:58,557 INFO Reading RSS: Google News — civic:paul-waugh-constituency
2026-08-10 21:21:00,303 INFO Raw entries for Google News — civic:paul-waugh-constituency: 0
2026-08-10 21:21:00,303 INFO Reading RSS: Google News — councillor:Farooq Ahmed
2026-08-10 21:21:02,156 INFO Raw entries for Google News — councillor:Farooq Ahmed: 8
2026-08-10 21:21:02,159 INFO Reading RSS: Google News — councillor:Shakil Ahmed
2026-08-10 21:21:03,977 INFO Raw entries for Google News — councillor:Shakil Ahmed: 9
2026-08-10 21:21:03,978 INFO Blocked prohibited source: Rochdale Times
2026-08-10 21:21:03,980 INFO Reading RSS: Google News — councillor:Daalat Ali
2026-08-10 21:21:05,806 INFO Raw entries for Google News — councillor:Daalat Ali: 6
2026-08-10 21:21:05,807 INFO Blocked prohibited source: sis.org.uk
2026-08-10 21:21:05,807 INFO Blocked prohibited source: Rochdale Times
2026-08-10 21:21:05,808 INFO Reading RSS: Google News — councillor:Stephen Anstee
2026-08-10 21:21:07,624 INFO Raw entries for Google News — councillor:Stephen Anstee: 5
2026-08-10 21:21:07,626 INFO Reading RSS: Google News — councillor:Elizabeth Atewologun
2026-08-10 21:21:09,489 INFO Raw entries for Google News — councillor:Elizabeth Atewologun: 0
2026-08-10 21:21:09,489 INFO Reading RSS: Google News — councillor:Tricia Ayrton
2026-08-10 21:21:11,317 INFO Raw entries for Google News — councillor:Tricia Ayrton: 10
2026-08-10 21:21:11,319 INFO Blocked prohibited source: sis.org.uk
2026-08-10 21:21:11,320 INFO Reading RSS: Google News — councillor:David Bamford
2026-08-10 21:21:13,107 INFO Raw entries for Google News — councillor:David Bamford: 0
2026-08-10 21:21:13,107 INFO Reading RSS: Google News — councillor:Philip Barrett
2026-08-10 21:21:14,928 INFO Raw entries for Google News — councillor:Philip Barrett: 0
2026-08-10 21:21:14,928 INFO Reading RSS: Google News — councillor:Philip Beal
2026-08-10 21:21:16,747 INFO Raw entries for Google News — councillor:Philip Beal: 0
2026-08-10 21:21:16,747 INFO Reading RSS: Google News — councillor:Tom Besford
2026-08-10 21:21:18,586 INFO Raw entries for Google News — councillor:Tom Besford: 10
2026-08-10 21:21:18,589 INFO Reading RSS: Google News — councillor:John Blundell
2026-08-10 21:21:20,492 INFO Raw entries for Google News — councillor:John Blundell: 10
2026-08-10 21:21:20,495 INFO Reading RSS: Google News — councillor:Adam Branton
2026-08-10 21:21:22,300 INFO Raw entries for Google News — councillor:Adam Branton: 1
2026-08-10 21:21:22,301 INFO Reading RSS: Google News — councillor:Kathryn Bromfield
2026-08-10 21:21:24,156 INFO Raw entries for Google News — councillor:Kathryn Bromfield: 1
2026-08-10 21:21:24,156 INFO Reading RSS: Google News — councillor:Stuart Crawford
2026-08-10 21:21:25,955 INFO Raw entries for Google News — councillor:Stuart Crawford: 0
2026-08-10 21:21:25,956 INFO Reading RSS: Google News — councillor:Patricia Mary Dale
2026-08-10 21:21:27,798 INFO Raw entries for Google News — councillor:Patricia Mary Dale: 0
2026-08-10 21:21:27,798 INFO Reading RSS: Google News — source:5
2026-08-10 21:21:29,685 INFO Raw entries for Google News — source:5: 10
2026-08-10 21:21:32,601 INFO Reading RSS: Google News — source:6
2026-08-10 21:21:34,411 INFO Raw entries for Google News — source:6: 11
2026-08-10 21:21:35,846 INFO Skipping yourtrustrochdale.co.uk: benched by an earlier run after repeated timeouts.
2026-08-10 21:21:36,893 INFO Blocked prohibited source: TikTok
2026-08-10 21:21:36,893 INFO Blocked prohibited source: TikTok
2026-08-10 21:21:36,894 INFO Reading RSS: Google News — source:7
2026-08-10 21:21:38,880 INFO Raw entries for Google News — source:7: 100
2026-08-10 21:21:39,596 INFO Blocked prohibited source: TikTok
2026-08-10 21:21:49,657 INFO Blocked prohibited source: TikTok
2026-08-10 21:21:55,437 INFO Reading RSS: Google News — source:8
2026-08-10 21:21:57,621 INFO Raw entries for Google News — source:8: 100
2026-08-10 21:22:01,198 INFO Blocked prohibited source: TikTok
2026-08-10 21:22:03,571 INFO Blocked prohibited source: YouTube
2026-08-10 21:22:13,466 INFO Resolved Google News item to publisher via <source>: Trust in Haven -> https://trustinhaven.com/2026/08/09/haven-continue-end-of-season-charge-for-the-play-offs-rochdale-hornets-22-24-whitehaven/
2026-08-10 21:22:14,675 INFO Reading RSS: Google News — source:9
2026-08-10 21:22:16,518 INFO Raw entries for Google News — source:9: 7
2026-08-10 21:22:17,677 INFO Reading RSS: Google News — source:10
2026-08-10 21:22:19,466 INFO Raw entries for Google News — source:10: 1
2026-08-10 21:22:19,643 INFO Reading RSS: Google News — source:11
2026-08-10 21:22:21,379 INFO Raw entries for Google News — source:11: 1
2026-08-10 21:22:21,540 INFO Reading RSS: Google News — source:12
2026-08-10 21:22:23,268 INFO Raw entries for Google News — source:12: 0
2026-08-10 21:22:23,268 INFO Reading RSS: Google News — source:13
2026-08-10 21:22:25,021 INFO Raw entries for Google News — source:13: 0
2026-08-10 21:22:25,021 INFO Reading RSS: Google News — source:14
2026-08-10 21:22:26,800 INFO Raw entries for Google News — source:14: 9
2026-08-10 21:22:27,926 INFO Reading RSS: Google News — source:15
2026-08-10 21:22:29,657 INFO Raw entries for Google News — source:15: 0
2026-08-10 21:22:29,657 INFO Reading RSS: Google News — source:16
2026-08-10 21:22:31,436 INFO Raw entries for Google News — source:16: 2
2026-08-10 21:22:31,766 INFO Reading RSS: Google News — councillor:Minaam Ellahi
2026-08-10 21:22:33,598 INFO Raw entries for Google News — councillor:Minaam Ellahi: 2
2026-08-10 21:22:33,600 INFO Reading RSS: Google News — councillor:Paul Ellison
2026-08-10 21:22:35,463 INFO Raw entries for Google News — councillor:Paul Ellison: 1
2026-08-10 21:22:35,463 INFO Reading RSS: Google News — councillor:Neil Emmott
2026-08-10 21:22:37,410 INFO Raw entries for Google News — councillor:Neil Emmott: 9
2026-08-10 21:22:37,412 INFO Blocked prohibited source: Rochdale Times
2026-08-10 21:22:37,413 INFO Reading RSS: Google News — councillor:Carl Faulkner
2026-08-10 21:22:39,216 INFO Raw entries for Google News — councillor:Carl Faulkner: 0
2026-08-10 21:22:39,216 INFO Reading RSS: Google News — councillor:Aisling-Blaise Gallagher
2026-08-10 21:22:41,113 INFO Raw entries for Google News — councillor:Aisling-Blaise Gallagher: 1
2026-08-10 21:22:41,114 INFO Reading RSS: Google News — councillor:Ashley-Louise Gilbert
2026-08-10 21:22:42,944 INFO Raw entries for Google News — councillor:Ashley-Louise Gilbert: 0
2026-08-10 21:22:42,944 INFO Reading RSS: Google News — councillor:Anthony Gilbert
2026-08-10 21:22:44,760 INFO Raw entries for Google News — councillor:Anthony Gilbert: 0
2026-08-10 21:22:44,760 INFO Reading RSS: Google News — councillor:Peter Hodgkinson
2026-08-10 21:22:46,581 INFO Raw entries for Google News — councillor:Peter Hodgkinson: 1
2026-08-10 21:22:46,582 INFO Reading RSS: Google News — councillor:Michael Holly
2026-08-10 21:22:48,399 INFO Raw entries for Google News — councillor:Michael Holly: 2
2026-08-10 21:22:48,401 INFO Blocked prohibited source: PressReader
2026-08-10 21:22:48,401 INFO Reading RSS: Google News — councillor:Michael Howard
2026-08-10 21:22:50,246 INFO Raw entries for Google News — councillor:Michael Howard: 0
2026-08-10 21:22:50,728 WARNING Discovery page failed for Your Trust Rochdale News (https://www.yourtrustrochdale.co.uk/news/): yourtrustrochdale.co.uk is benched after failing in an earlier run
2026-08-10 21:22:50,728 INFO Discovering pages: What's Occurrin' Events (7 links)
2026-08-10 21:22:50,728 WARNING Discovery page failed for Your Trust Rochdale News Archive (https://www.yourtrustrochdale.co.uk/category/news/): yourtrustrochdale.co.uk is benched after failing in an earlier run
2026-08-10 21:22:50,728 INFO Discovering pages: Your Trust Rochdale News (0 links)
2026-08-10 21:22:50,729 INFO Discovering pages: Your Trust Rochdale News Archive (0 links)
2026-08-10 21:22:50,746 INFO robots.txt declined direct fetch; relying on RSS, indexed search results or authorised APIs instead: https://www.groundwork.org.uk/greatermanchester/latest/
2026-08-10 21:22:50,747 WARNING Discovery page failed for Groundwork Greater Manchester (https://www.groundwork.org.uk/greatermanchester/latest/): robots.txt does not permit fetching https://www.groundwork.org.uk/greatermanchester/latest/
2026-08-10 21:22:50,747 INFO robots.txt declined direct fetch; relying on RSS, indexed search results or authorised APIs instead: https://www.groundwork.org.uk/greatermanchester/latest/?query-6-page=2
2026-08-10 21:22:50,747 WARNING Discovery page failed for Groundwork Greater Manchester (https://www.groundwork.org.uk/greatermanchester/latest/?query-6-page=2): robots.txt does not permit fetching https://www.groundwork.org.uk/greatermanchester/latest/?query-6-page=2
2026-08-10 21:22:50,748 INFO Discovering pages: Groundwork Greater Manchester (0 links)
2026-08-10 21:22:51,076 INFO Skipping visitrochdale.com: benched by an earlier run after repeated timeouts.
2026-08-10 21:22:51,076 WARNING Discovery page failed for Visit Rochdale (https://www.visitrochdale.com/whats-on): visitrochdale.com is benched after failing in an earlier run
2026-08-10 21:22:51,077 INFO Discovering pages: Visit Rochdale (0 links)
2026-08-10 21:22:51,191 INFO Discovering pages: Rochdale Council Your Events (10 links)
2026-08-10 21:22:51,357 WARNING Browser render failed for https://www.rochdalecreates.co.uk/news: BrowserType.launch: Executable doesn't exist at /home/runner/.cache/ms-playwright/chromium_headless_shell-1234/chrome-headless-shell-linux64/chrome-headless-shell
╔════════════════════════════════════════════════════════════╗
║ Looks like Playwright was just installed or updated.       ║
║ Please run the following command to download new browsers: ║
║                                                            ║
║     playwright install                                     ║
║                                                            ║
║ <3 Playwright Team                                         ║
╚════════════════════════════════════════════════════════════╝
2026-08-10 21:22:51,357 WARNING Discovery page failed for Rochdale Creates News (https://www.rochdalecreates.co.uk/news): BrowserType.launch: Executable doesn't exist at /home/runner/.cache/ms-playwright/chromium_headless_shell-1234/chrome-headless-shell-linux64/chrome-headless-shell
╔════════════════════════════════════════════════════════════╗
║ Looks like Playwright was just installed or updated.       ║
║ Please run the following command to download new browsers: ║
║                                                            ║
║     playwright install                                     ║
║                                                            ║
║ <3 Playwright Team                                         ║
╚════════════════════════════════════════════════════════════╝
2026-08-10 21:22:51,358 WARNING Browser render failed for https://www.rochdalecreates.co.uk/whats-on: BrowserType.launch: Executable doesn't exist at /home/runner/.cache/ms-playwright/chromium_headless_shell-1234/chrome-headless-shell-linux64/chrome-headless-shell
╔════════════════════════════════════════════════════════════╗
║ Looks like Playwright was just installed or updated.       ║
║ Please run the following command to download new browsers: ║
║                                                            ║
║     playwright install                                     ║
║                                                            ║
║ <3 Playwright Team                                         ║
╚════════════════════════════════════════════════════════════╝
2026-08-10 21:22:51,358 WARNING Discovery page failed for Rochdale Creates What's On (https://www.rochdalecreates.co.uk/whats-on): BrowserType.launch: Executable doesn't exist at /home/runner/.cache/ms-playwright/chromium_headless_shell-1234/chrome-headless-shell-linux64/chrome-headless-shell
╔════════════════════════════════════════════════════════════╗
║ Looks like Playwright was just installed or updated.       ║
║ Please run the following command to download new browsers: ║
║                                                            ║
║     playwright install                                     ║
║                                                            ║
║ <3 Playwright Team                                         ║
╚════════════════════════════════════════════════════════════╝
2026-08-10 21:22:51,358 INFO Discovering pages: Rochdale Creates News (0 links)
2026-08-10 21:22:51,358 INFO Discovering pages: Rochdale Creates What's On (0 links)
2026-08-10 21:22:51,580 INFO robots.txt declined direct fetch; relying on RSS, indexed search results or authorised APIs instead: https://news.tfgm.com/
2026-08-10 21:22:51,581 WARNING Discovery page failed for TfGM Newsroom (https://news.tfgm.com/): robots.txt does not permit fetching https://news.tfgm.com/
2026-08-10 21:22:51,581 INFO Discovering pages: TfGM Newsroom (0 links)
2026-08-10 21:22:51,675 INFO robots.txt declined direct fetch; relying on RSS, indexed search results or authorised APIs instead: https://www.gmp.police.uk/news/news-search/?ct=News&fdte=&page=1&tdte=
2026-08-10 21:22:51,676 WARNING Discovery page failed for Greater Manchester Police (https://www.gmp.police.uk/news/news-search/?ct=News&fdte=&page=1&tdte=): robots.txt does not permit fetching https://www.gmp.police.uk/news/news-search/?ct=News&fdte=&page=1&tdte=
2026-08-10 21:22:51,676 INFO robots.txt declined direct fetch; relying on RSS, indexed search results or authorised APIs instead: https://www.gmp.police.uk/news/news-search/?ct=News&fdte=&page=2&tdte=
2026-08-10 21:22:51,676 WARNING Discovery page failed for Greater Manchester Police (https://www.gmp.police.uk/news/news-search/?ct=News&fdte=&page=2&tdte=): robots.txt does not permit fetching https://www.gmp.police.uk/news/news-search/?ct=News&fdte=&page=2&tdte=
2026-08-10 21:22:51,676 INFO robots.txt declined direct fetch; relying on RSS, indexed search results or authorised APIs instead: https://www.gmp.police.uk/news/news-search/?ct=News&fdte=&page=3&tdte=
2026-08-10 21:22:51,676 WARNING Discovery page failed for Greater Manchester Police (https://www.gmp.police.uk/news/news-search/?ct=News&fdte=&page=3&tdte=): robots.txt does not permit fetching https://www.gmp.police.uk/news/news-search/?ct=News&fdte=&page=3&tdte=
2026-08-10 21:22:51,676 INFO robots.txt declined direct fetch; relying on RSS, indexed search results or authorised APIs instead: https://www.gmp.police.uk/news/news-search/?ct=News&fdte=&page=4&tdte=
2026-08-10 21:22:51,676 WARNING Discovery page failed for Greater Manchester Police (https://www.gmp.police.uk/news/news-search/?ct=News&fdte=&page=4&tdte=): robots.txt does not permit fetching https://www.gmp.police.uk/news/news-search/?ct=News&fdte=&page=4&tdte=
2026-08-10 21:22:51,676 INFO robots.txt declined direct fetch; relying on RSS, indexed search results or authorised APIs instead: https://www.gmp.police.uk/news/news-search/?ct=News&fdte=&page=5&tdte=
2026-08-10 21:22:51,676 WARNING Discovery page failed for Greater Manchester Police (https://www.gmp.police.uk/news/news-search/?ct=News&fdte=&page=5&tdte=): robots.txt does not permit fetching https://www.gmp.police.uk/news/news-search/?ct=News&fdte=&page=5&tdte=
2026-08-10 21:22:51,676 INFO robots.txt declined direct fetch; relying on RSS, indexed search results or authorised APIs instead: https://www.gmp.police.uk/news/news-search/?ct=News&fdte=&page=6&tdte=
2026-08-10 21:22:51,676 WARNING Discovery page failed for Greater Manchester Police (https://www.gmp.police.uk/news/news-search/?ct=News&fdte=&page=6&tdte=): robots.txt does not permit fetching https://www.gmp.police.uk/news/news-search/?ct=News&fdte=&page=6&tdte=
2026-08-10 21:22:51,676 INFO robots.txt declined direct fetch; relying on RSS, indexed search results or authorised APIs instead: https://www.gmp.police.uk/news/news-search/?ct=News&fdte=&page=7&tdte=
2026-08-10 21:22:51,676 WARNING Discovery page failed for Greater Manchester Police (https://www.gmp.police.uk/news/news-search/?ct=News&fdte=&page=7&tdte=): robots.txt does not permit fetching https://www.gmp.police.uk/news/news-search/?ct=News&fdte=&page=7&tdte=
2026-08-10 21:22:51,676 INFO robots.txt declined direct fetch; relying on RSS, indexed search results or authorised APIs instead: https://www.gmp.police.uk/news/news-search/?ct=News&fdte=&page=8&tdte=
2026-08-10 21:22:51,676 WARNING Discovery page failed for Greater Manchester Police (https://www.gmp.police.uk/news/news-search/?ct=News&fdte=&page=8&tdte=): robots.txt does not permit fetching https://www.gmp.police.uk/news/news-search/?ct=News&fdte=&page=8&tdte=
2026-08-10 21:22:51,676 INFO robots.txt declined direct fetch; relying on RSS, indexed search results or authorised APIs instead: https://www.gmp.police.uk/news/news-search/?ct=Appeals&fdte=&page=1&tdte=
2026-08-10 21:22:51,676 WARNING Discovery page failed for Greater Manchester Police (https://www.gmp.police.uk/news/news-search/?ct=Appeals&fdte=&page=1&tdte=): robots.txt does not permit fetching https://www.gmp.police.uk/news/news-search/?ct=Appeals&fdte=&page=1&tdte=
2026-08-10 21:22:51,676 INFO robots.txt declined direct fetch; relying on RSS, indexed search results or authorised APIs instead: https://www.gmp.police.uk/news/news-search/?ct=Appeals&fdte=&page=2&tdte=
2026-08-10 21:22:51,676 WARNING Discovery page failed for Greater Manchester Police (https://www.gmp.police.uk/news/news-search/?ct=Appeals&fdte=&page=2&tdte=): robots.txt does not permit fetching https://www.gmp.police.uk/news/news-search/?ct=Appeals&fdte=&page=2&tdte=
2026-08-10 21:22:51,676 INFO robots.txt declined direct fetch; relying on RSS, indexed search results or authorised APIs instead: https://www.gmp.police.uk/news/news-search/?ct=Appeals&fdte=&page=3&tdte=
2026-08-10 21:22:51,676 WARNING Discovery page failed for Greater Manchester Police (https://www.gmp.police.uk/news/news-search/?ct=Appeals&fdte=&page=3&tdte=): robots.txt does not permit fetching https://www.gmp.police.uk/news/news-search/?ct=Appeals&fdte=&page=3&tdte=
2026-08-10 21:22:51,676 INFO robots.txt declined direct fetch; relying on RSS, indexed search results or authorised APIs instead: https://www.gmp.police.uk/news/news-search/?ct=Appeals&fdte=&page=4&tdte=
2026-08-10 21:22:51,676 WARNING Discovery page failed for Greater Manchester Police (https://www.gmp.police.uk/news/news-search/?ct=Appeals&fdte=&page=4&tdte=): robots.txt does not permit fetching https://www.gmp.police.uk/news/news-search/?ct=Appeals&fdte=&page=4&tdte=
2026-08-10 21:22:51,677 INFO Discovering pages: Greater Manchester Police (0 links)
2026-08-10 21:22:51,811 INFO Discovering pages: Action Together Latest News (40 links)
2026-08-10 21:22:51,883 INFO Discovering pages: Action Together Rochdale News (40 links)
2026-08-10 21:22:51,890 INFO Discovering pages: Rochdale Borough Council News (21 links)
2026-08-10 21:22:51,906 INFO Discovering pages: Rochdale Development Agency (11 links)
2026-08-10 21:22:51,918 INFO Discovering pages: Roch Valley Radio Notices (13 links)
2026-08-10 21:22:51,943 INFO Discovering pages: Roch Valley Radio Local News (40 links)
2026-08-10 21:22:52,004 INFO Discovering pages: Rochdale Council Events (30 links)
2026-08-10 21:22:52,026 INFO robots.txt declined direct fetch; relying on RSS, indexed search results or authorised APIs instead: https://www.northernrailway.co.uk/service-updates
2026-08-10 21:22:52,026 WARNING Discovery page failed for Northern Service Updates (https://www.northernrailway.co.uk/service-updates): robots.txt does not permit fetching https://www.northernrailway.co.uk/service-updates
2026-08-10 21:22:52,026 INFO Discovering pages: Northern Service Updates (0 links)
2026-08-10 21:22:52,043 INFO robots.txt declined direct fetch; relying on RSS, indexed search results or authorised APIs instead: https://aboutmanchester.co.uk/?s=Rochdale
2026-08-10 21:22:52,043 WARNING Discovery page failed for About Manchester (https://aboutmanchester.co.uk/?s=Rochdale): robots.txt does not permit fetching https://aboutmanchester.co.uk/?s=Rochdale
2026-08-10 21:22:52,044 INFO Discovering pages: About Manchester (0 links)
2026-08-10 21:22:52,055 WARNING Discovery page failed for Greater Manchester Fire and Rescue Service (https://www.manchesterfire.gov.uk/news-events/news/): 404 Client Error: Not Found for url: https://manchesterfire.gov.uk/news-events/news/
2026-08-10 21:22:52,055 INFO Discovering pages: Greater Manchester Fire and Rescue Service (0 links)
2026-08-10 21:22:52,085 INFO robots.txt declined direct fetch; relying on RSS, indexed search results or authorised APIs instead: https://www.unitedutilities.com/emergencies/up-my-street/
2026-08-10 21:22:52,086 WARNING Discovery page failed for United Utilities Incidents (https://www.unitedutilities.com/emergencies/up-my-street/): robots.txt does not permit fetching https://www.unitedutilities.com/emergencies/up-my-street/
2026-08-10 21:22:52,086 INFO Discovering pages: United Utilities Incidents (0 links)
2026-08-10 21:22:52,115 INFO robots.txt declined direct fetch; relying on RSS, indexed search results or authorised APIs instead: https://rochdaleriverside.com/news/
2026-08-10 21:22:52,116 WARNING Discovery page failed for Rochdale Riverside News (https://rochdaleriverside.com/news/): robots.txt does not permit fetching https://rochdaleriverside.com/news/
2026-08-10 21:22:52,116 INFO Discovering pages: Rochdale Riverside News (0 links)
2026-08-10 21:22:52,358 INFO Discovering pages: The Independent — Rochdale (40 links)
2026-08-10 21:22:52,371 INFO Discovering pages: BBC Manchester (40 links)
2026-08-10 21:22:52,385 INFO robots.txt declined direct fetch; relying on RSS, indexed search results or authorised APIs instead: https://nationalhighways.co.uk/our-roads/north-west/north-west-maintenance-schemes/
2026-08-10 21:22:52,386 WARNING Discovery page failed for National Highways North West (https://nationalhighways.co.uk/our-roads/north-west/north-west-maintenance-schemes/): robots.txt does not permit fetching https://nationalhighways.co.uk/our-roads/north-west/north-west-maintenance-schemes/
2026-08-10 21:22:52,386 INFO Discovering pages: National Highways North West (0 links)
2026-08-10 21:22:52,597 INFO Discovering pages: GMCA News (1 links)
2026-08-10 21:22:52,831 INFO Discovering pages: Northern News (13 links)
2026-08-10 21:22:53,141 INFO Discovering pages: Rochdale Boroughwide Housing (2 links)
2026-08-10 21:22:53,332 INFO Discovering pages: TfGM Travel Alerts (3 links)
2026-08-10 21:22:53,338 WARNING Discovery page failed for Rochdale Council Webcasts (https://rochdale.public-i.tv/core/data/21235/archived/1/future/1/agenda/1/enctag/Council): Not an HTML page: text/xml;charset=UTF-8
2026-08-10 21:22:53,339 INFO Discovering pages: Rochdale Council Webcasts (0 links)
2026-08-10 21:22:53,731 INFO Discovering pages: Rochdale Town Hall Events (17 links)
2026-08-10 21:22:53,855 INFO Discovering pages: Pennine Care NHS (7 links)
2026-08-10 21:22:53,879 INFO Discovering pages: Hopwood Hall College (8 links)
2026-08-10 21:22:53,895 INFO Discovering pages: Falinge Park High School (1 links)
2026-08-10 21:22:54,024 INFO Discovering pages: Rochdale Sixth Form College (0 links)
2026-08-10 21:22:54,069 INFO Discovering pages: Northern Care Alliance Rochdale (9 links)
2026-08-10 21:22:54,313 INFO Skipping rochdaleafccommunity.org: benched by an earlier run after repeated timeouts.
2026-08-10 21:22:54,313 WARNING Discovery page failed for Rochdale AFC Community Trust (https://www.rochdaleafccommunity.org/news/): rochdaleafccommunity.org is benched after failing in an earlier run
2026-08-10 21:22:54,314 INFO Discovering pages: Rochdale AFC Community Trust (0 links)
2026-08-10 21:22:54,437 WARNING Discovery page failed for Rochdale Valiant (https://www.rochdalevaliant.uk/): 429 Client Error: Too Many Requests for url: https://www.google.com/sorry/index?continue=https://www.rochdalevaliant.uk/&q=EgQUKNX0GK2C6dMGIi3FQEv8j_YVgYYINnzPImYVO-0wAyhS9SjEvjki8bZ5WLeWVwz5hwPZMOr5YuwyAnJSWgFD
2026-08-10 21:22:54,437 INFO Discovering pages: Rochdale Valiant (0 links)
2026-08-10 21:22:54,536 INFO Discovering pages: Edgar Wood Academy (6 links)
2026-08-10 21:22:54,571 INFO Discovering pages: Rochdale Hornets (6 links)
2026-08-10 21:22:54,583 INFO Discovering pages: Wardle Academy (1 links)
2026-08-10 21:22:54,749 INFO Discovering pages: Northern Care Alliance News (6 links)
2026-08-10 21:22:54,755 INFO Discovering pages: Rochdale Labour (16 links)
2026-08-10 21:22:54,918 INFO robots.txt declined direct fetch; relying on RSS, indexed search results or authorised APIs instead: https://www.hmnrconservatives.org.uk/news
2026-08-10 21:22:54,919 WARNING Discovery page failed for Heywood Middleton North and Rochdale Conservatives (https://www.hmnrconservatives.org.uk/news): robots.txt does not permit fetching https://www.hmnrconservatives.org.uk/news
2026-08-10 21:22:54,919 INFO Discovering pages: Heywood Middleton North and Rochdale Conservatives (0 links)
2026-08-10 21:22:55,060 INFO Discovering pages: St Cuthbert's RC High School (1 links)
2026-08-10 21:22:55,303 INFO Discovering pages: Rochdale Green Party (8 links)
2026-08-10 21:22:55,835 INFO Discovering pages: Oulder Hill Leadership Academy (5 links)
2026-08-10 21:22:55,868 INFO Discovering pages: Rochdale Liberal Democrats (12 links)
2026-08-10 21:22:56,973 INFO Skipping rochdaleafc.co.uk: benched by an earlier run after repeated timeouts.
2026-08-10 21:22:56,973 WARNING Discovery page failed for Rochdale AFC (https://rochdaleafc.co.uk/news/): rochdaleafc.co.uk is benched after failing in an earlier run
2026-08-10 21:22:56,973 INFO Discovering pages: Rochdale AFC (0 links)
2026-08-10 21:22:57,273 WARNING Discovery page failed for Rochdale AFC Women (https://rochdaleafc.co.uk/rochdale-afc-women-news/): rochdaleafc.co.uk is benched after failing in an earlier run
2026-08-10 21:22:57,273 INFO Discovering pages: Rochdale AFC Women (0 links)
2026-08-10 21:24:14,163 INFO Discovering outbound publisher links: NewsNow — Rochdale
2026-08-10 21:24:15,340 INFO Discovering outbound publisher links: Ground News — Rochdale
2026-08-10 21:24:16,860 INFO robots.txt declined direct fetch; relying on RSS, indexed search results or authorised APIs instead: https://c.newsnow.co.uk/A/1321315184?-57568:46921
2026-08-10 21:24:16,861 INFO robots.txt does not permit fetching https://c.newsnow.co.uk/A/1321315184?-57568:46921
2026-08-10 21:24:16,861 INFO robots.txt declined direct fetch; relying on RSS, indexed search results or authorised APIs instead: https://c.newsnow.co.uk/A/1321206145?-57568:46921
2026-08-10 21:24:16,861 INFO robots.txt does not permit fetching https://c.newsnow.co.uk/A/1321206145?-57568:46921
2026-08-10 21:24:16,861 INFO robots.txt declined direct fetch; relying on RSS, indexed search results or authorised APIs instead: https://c.newsnow.co.uk/A/1321188791?-57568:46921
2026-08-10 21:24:16,861 INFO robots.txt does not permit fetching https://c.newsnow.co.uk/A/1321188791?-57568:46921
2026-08-10 21:24:16,861 INFO robots.txt declined direct fetch; relying on RSS, indexed search results or authorised APIs instead: https://c.newsnow.co.uk/A/1321160940?-57568:46921
2026-08-10 21:24:16,861 INFO robots.txt does not permit fetching https://c.newsnow.co.uk/A/1321160940?-57568:46921
2026-08-10 21:24:16,862 INFO robots.txt declined direct fetch; relying on RSS, indexed search results or authorised APIs instead: https://c.newsnow.co.uk/A/1321156665?-57568:46921
2026-08-10 21:24:16,862 INFO robots.txt does not permit fetching https://c.newsnow.co.uk/A/1321156665?-57568:46921
2026-08-10 21:24:16,862 INFO robots.txt declined direct fetch; relying on RSS, indexed search results or authorised APIs instead: https://c.newsnow.co.uk/A/1321126821?-57568:46921
2026-08-10 21:24:16,862 INFO robots.txt does not permit fetching https://c.newsnow.co.uk/A/1321126821?-57568:46921
2026-08-10 21:24:16,862 INFO robots.txt declined direct fetch; relying on RSS, indexed search results or authorised APIs instead: https://c.newsnow.co.uk/A/1321100343?-57568:46921
2026-08-10 21:24:16,862 INFO robots.txt does not permit fetching https://c.newsnow.co.uk/A/1321100343?-57568:46921
2026-08-10 21:24:16,862 INFO robots.txt declined direct fetch; relying on RSS, indexed search results or authorised APIs instead: https://c.newsnow.co.uk/A/1321074740?-57568:46921
2026-08-10 21:24:16,862 INFO robots.txt does not permit fetching https://c.newsnow.co.uk/A/1321074740?-57568:46921
2026-08-10 21:24:16,862 INFO robots.txt declined direct fetch; relying on RSS, indexed search results or authorised APIs instead: https://c.newsnow.co.uk/A/1321032893?-57568:46921
2026-08-10 21:24:16,862 INFO robots.txt does not permit fetching https://c.newsnow.co.uk/A/1321032893?-57568:46921
2026-08-10 21:24:16,862 INFO robots.txt declined direct fetch; relying on RSS, indexed search results or authorised APIs instead: https://c.newsnow.co.uk/A/1321030240?-57568:46921
2026-08-10 21:24:16,862 INFO robots.txt does not permit fetching https://c.newsnow.co.uk/A/1321030240?-57568:46921
2026-08-10 21:24:16,862 INFO robots.txt declined direct fetch; relying on RSS, indexed search results or authorised APIs instead: https://c.newsnow.co.uk/A/1321004458?-57568:46921
2026-08-10 21:24:16,862 INFO robots.txt does not permit fetching https://c.newsnow.co.uk/A/1321004458?-57568:46921
2026-08-10 21:24:16,863 INFO robots.txt declined direct fetch; relying on RSS, indexed search results or authorised APIs instead: https://c.newsnow.co.uk/A/1320974564?-57568:46921
2026-08-10 21:24:16,863 INFO robots.txt does not permit fetching https://c.newsnow.co.uk/A/1320974564?-57568:46921
2026-08-10 21:24:16,863 INFO robots.txt declined direct fetch; relying on RSS, indexed search results or authorised APIs instead: https://c.newsnow.co.uk/A/1320916537?-57568:46921
2026-08-10 21:24:16,863 INFO robots.txt does not permit fetching https://c.newsnow.co.uk/A/1320916537?-57568:46921
2026-08-10 21:24:16,863 INFO robots.txt declined direct fetch; relying on RSS, indexed search results or authorised APIs instead: https://c.newsnow.co.uk/A/1320908828?-57568:46921
2026-08-10 21:24:16,863 INFO robots.txt does not permit fetching https://c.newsnow.co.uk/A/1320908828?-57568:46921
2026-08-10 21:24:16,863 INFO robots.txt declined direct fetch; relying on RSS, indexed search results or authorised APIs instead: https://c.newsnow.co.uk/A/1320884509?-57568:46921
2026-08-10 21:24:16,863 INFO robots.txt does not permit fetching https://c.newsnow.co.uk/A/1320884509?-57568:46921
2026-08-10 21:24:16,876 INFO robots.txt declined direct fetch; relying on RSS, indexed search results or authorised APIs instead: https://c.newsnow.co.uk/A/1321318208?-57568:46921
2026-08-10 21:24:16,877 INFO robots.txt declined direct fetch; relying on RSS, indexed search results or authorised APIs instead: https://c.newsnow.co.uk/A/1320219207?-57568:46921
2026-08-10 21:24:16,877 INFO robots.txt does not permit fetching https://c.newsnow.co.uk/A/1320219207?-57568:46921
2026-08-10 21:24:16,877 INFO robots.txt does not permit fetching https://c.newsnow.co.uk/A/1321318208?-57568:46921
2026-08-10 21:24:16,879 INFO robots.txt declined direct fetch; relying on RSS, indexed search results or authorised APIs instead: https://c.newsnow.co.uk/A/1321219652?-57568:46921
2026-08-10 21:24:16,880 INFO robots.txt does not permit fetching https://c.newsnow.co.uk/A/1321219652?-57568:46921
2026-08-10 21:24:16,885 INFO robots.txt declined direct fetch; relying on RSS, indexed search results or authorised APIs instead: https://c.newsnow.co.uk/A/1320613995?-57568:46921
2026-08-10 21:24:16,886 INFO robots.txt declined direct fetch; relying on RSS, indexed search results or authorised APIs instead: https://c.newsnow.co.uk/A/1320314009?-57568:46921
2026-08-10 21:24:16,887 INFO robots.txt does not permit fetching https://c.newsnow.co.uk/A/1320613995?-57568:46921
2026-08-10 21:24:16,887 INFO robots.txt declined direct fetch; relying on RSS, indexed search results or authorised APIs instead: https://www.linkedin.com/company/groundnews
2026-08-10 21:24:16,887 INFO robots.txt does not permit fetching https://www.linkedin.com/company/groundnews
2026-08-10 21:24:16,889 INFO robots.txt does not permit fetching https://c.newsnow.co.uk/A/1320314009?-57568:46921
2026-08-10 21:24:16,893 INFO robots.txt declined direct fetch; relying on RSS, indexed search results or authorised APIs instead: https://c.newsnow.co.uk/A/1320759115?-57568:46921
2026-08-10 21:24:16,893 INFO robots.txt does not permit fetching https://c.newsnow.co.uk/A/1320759115?-57568:46921
2026-08-10 21:24:17,000 INFO robots.txt declined direct fetch; relying on RSS, indexed search results or authorised APIs instead: https://c.newsnow.co.uk/A/1321268403?-57568:46921
2026-08-10 21:24:17,000 INFO robots.txt does not permit fetching https://c.newsnow.co.uk/A/1321268403?-57568:46921
2026-08-10 21:24:17,096 INFO robots.txt declined direct fetch; relying on RSS, indexed search results or authorised APIs instead: https://c.newsnow.co.uk/A/1321292045?-57568:46921
2026-08-10 21:24:17,096 INFO robots.txt does not permit fetching https://c.newsnow.co.uk/A/1321292045?-57568:46921
2026-08-10 21:24:17,097 INFO robots.txt declined direct fetch; relying on RSS, indexed search results or authorised APIs instead: https://c.newsnow.co.uk/A/1321235447?-57568:46921
2026-08-10 21:24:17,098 INFO robots.txt does not permit fetching https://c.newsnow.co.uk/A/1321235447?-57568:46921
2026-08-10 21:24:17,102 INFO robots.txt declined direct fetch; relying on RSS, indexed search results or authorised APIs instead: https://c.newsnow.co.uk/A/1321002913?-57568:46921
2026-08-10 21:24:17,102 INFO robots.txt does not permit fetching https://c.newsnow.co.uk/A/1321002913?-57568:46921
2026-08-10 21:24:17,105 INFO robots.txt declined direct fetch; relying on RSS, indexed search results or authorised APIs instead: https://c.newsnow.co.uk/A/1321230821?-57568:46921
2026-08-10 21:24:17,106 INFO robots.txt does not permit fetching https://c.newsnow.co.uk/A/1321230821?-57568:46921
2026-08-10 21:24:25,080 WARNING Live page failed for Northern live service updates: robots.txt does not permit fetching https://www.northernrailway.co.uk/service-updates
2026-08-10 21:24:29,222 WARNING Google News browser resolution stopped early: BrowserType.launch: Executable doesn't exist at /home/runner/.cache/ms-playwright/chromium_headless_shell-1234/chrome-headless-shell-linux64/chrome-headless-shell
╔════════════════════════════════════════════════════════════╗
║ Looks like Playwright was just installed or updated.       ║
║ Please run the following command to download new browsers: ║
║                                                            ║
║     playwright install                                     ║
║                                                            ║
║ <3 Playwright Team                                         ║
╚════════════════════════════════════════════════════════════╝
2026-08-10 21:24:29,224 INFO Google News resolution: 0/36 newly resolved (2 served from cache).
2026-08-10 21:24:31,214 INFO Google News wrappers: 47 seen, 3 resolved, 2 gained article text, 3 gained a publisher image, 0 re-attributed to the real publisher.
2026-08-10 21:24:32,885 INFO Candidate volume: 77 raw items -> 52 story clusters
2026-08-10 21:24:38,756 INFO Balanced selection: 18 eligible -> 18 selected; categories=['business', 'community', 'crime', 'education', 'health', 'news', 'sport', 'traffic', 'transport']; wards=['Spotland and Falinge']
2026-08-10 21:24:38,760 ERROR OpenAI is unavailable; refusing to publish generic filler for https://yespunjab.com/uk-grooming-gang-cases-put-pakistan-under-scrutiny-over-child-protection-accountability/
2026-08-10 21:24:38,766 ERROR OpenAI is unavailable; refusing to publish generic filler for https://www.rochvalleyradio.com/news/local-news/controversial-student-housing-scheme-refusal-appealed-by-developer/
2026-08-10 21:24:38,772 ERROR OpenAI is unavailable; refusing to publish generic filler for https://www.rochvalleyradio.com/news/local-news/prestwich-sisters-secure-sainsburys-listing-after-recovering-from-warehouse-fire/
2026-08-10 21:24:38,780 ERROR OpenAI is unavailable; refusing to publish generic filler for https://www.manchestereveningnews.co.uk/news/greater-manchester-news/this-eviction-making-really-ill-34417506
2026-08-10 21:24:38,785 ERROR OpenAI is unavailable; refusing to publish generic filler for https://www.bbc.co.uk/news/articles/c3r03q48445o
2026-08-10 21:24:38,940 INFO robots.txt declined direct fetch; relying on RSS, indexed search results or authorised APIs instead: https://news.google.com/rss/articles/CBMivwFBVV95cUxQeEdvaVVlTE0xN0Jsd0pJTm1Xb1Q2N0k5eXc5V1VPeVNHMm9KbDczR3FMdW5SNzdVejFma1B5TFRMb1l5b0JobXl4UktGSW9hQnRQM3JvOWo0YktOMFYxYjBLYVFwQm5SRFZIbm51eFZ2SG91bGMyRHRlQWpwRTdkVlJBMUZqZ2JjUWVyZjM5SXN1cWg5VUxlX0ZoQktSVmlGRW1XaThFMkF6elFvcHg5b3ZsN2ZnM01fODVwcWg0TQ?oc=5
2026-08-10 21:24:38,940 ERROR OpenAI is unavailable; refusing to publish generic filler for https://news.google.com/rss/articles/CBMivwFBVV95cUxQeEdvaVVlTE0xN0Jsd0pJTm1Xb1Q2N0k5eXc5V1VPeVNHMm9KbDczR3FMdW5SNzdVejFma1B5TFRMb1l5b0JobXl4UktGSW9hQnRQM3JvOWo0YktOMFYxYjBLYVFwQm5SRFZIbm51eFZ2SG91bGMyRHRlQWpwRTdkVlJBMUZqZ2JjUWVyZjM5SXN1cWg5VUxlX0ZoQktSVmlGRW1XaThFMkF6elFvcHg5b3ZsN2ZnM01fODVwcWg0TQ?oc=5
2026-08-10 21:24:38,945 INFO robots.txt declined direct fetch; relying on RSS, indexed search results or authorised APIs instead: https://news.google.com/rss/articles/CBMiUkFVX3lxTE5SNDk3aWhBR3JPQnBoYTJrcDYwV08xckRmMEpDNVA5R0JMNVpOMWZsVlo1ZmdDWk9XWnlYSmxMUnh4LWxzWmFzSTJ1TTE0RW13eHc?oc=5
2026-08-10 21:24:38,946 ERROR OpenAI is unavailable; refusing to publish generic filler for https://news.google.com/rss/articles/CBMiUkFVX3lxTE5SNDk3aWhBR3JPQnBoYTJrcDYwV08xckRmMEpDNVA5R0JMNVpOMWZsVlo1ZmdDWk9XWnlYSmxMUnh4LWxzWmFzSTJ1TTE0RW13eHc?oc=5
2026-08-10 21:24:38,951 INFO robots.txt declined direct fetch; relying on RSS, indexed search results or authorised APIs instead: https://news.google.com/rss/articles/CBMi3wFBVV95cUxOSG5sc2xqRE5EN1EwbTV2MGd0MTVPWHZKZ0kwcDhKT1lFcVo3OXpPMjF5aklJM1VISmtpWGZ5NGkwM2xCbG9aRkszTG1oTkFtX250Y293LWJQLXp5REFYSlhfUUN5cEd4dXZCSU1FRmFWaXhIaFUta2Y2MV90V1NMcXZDdTRnd0FLaGlUQ0hOVlJnR0JXVFpTdk5WZVozZVU5UGRDaDY1X0NXWjBLNWFaaWpISmhzLTJfUmpUOVBoNE5GbS13V19xbVN4djZxaFd5X05sQTJjS0hZSmRiMVpz?oc=5
2026-08-10 21:24:38,953 INFO robots.txt declined direct fetch; relying on RSS, indexed search results or authorised APIs instead: https://news.google.com/rss/articles/CBMi1AFBVV95cUxQa0ZFakFYLTVVWmpwMHJPbU03aUFrNEltemx6dks4WWNzeGducWpBMzJZeXRjVm5zaDhKc0ZTbkQ5eG45ZGxyV0IyNldlRUJtZHYyRC1hb2dId3FvbnJXM0hwWDUxYS1qVWNpRHhEY2N6T2I1ZFg3WmlUN3VycWV6dFgwM1RYNUtlOWtueEZEQXVxX1RNYnE1SDhVdE54UmZZT3B3RkllSGRsdnNmNG1wbjI5aURnazBCUkRqUVpBX0JkWGQ2d2ZpazExTEt6TV9vcTZ2Ug?oc=5
2026-08-10 21:24:38,954 ERROR OpenAI is unavailable; refusing to publish generic filler for https://news.google.com/rss/articles/CBMi3wFBVV95cUxOSG5sc2xqRE5EN1EwbTV2MGd0MTVPWHZKZ0kwcDhKT1lFcVo3OXpPMjF5aklJM1VISmtpWGZ5NGkwM2xCbG9aRkszTG1oTkFtX250Y293LWJQLXp5REFYSlhfUUN5cEd4dXZCSU1FRmFWaXhIaFUta2Y2MV90V1NMcXZDdTRnd0FLaGlUQ0hOVlJnR0JXVFpTdk5WZVozZVU5UGRDaDY1X0NXWjBLNWFaaWpISmhzLTJfUmpUOVBoNE5GbS13V19xbVN4djZxaFd5X05sQTJjS0hZSmRiMVpz?oc=5
2026-08-10 21:24:38,954 ERROR OpenAI is unavailable; refusing to publish generic filler for https://news.google.com/rss/articles/CBMi1AFBVV95cUxQa0ZFakFYLTVVWmpwMHJPbU03aUFrNEltemx6dks4WWNzeGducWpBMzJZeXRjVm5zaDhKc0ZTbkQ5eG45ZGxyV0IyNldlRUJtZHYyRC1hb2dId3FvbnJXM0hwWDUxYS1qVWNpRHhEY2N6T2I1ZFg3WmlUN3VycWV6dFgwM1RYNUtlOWtueEZEQXVxX1RNYnE1SDhVdE54UmZZT3B3RkllSGRsdnNmNG1wbjI5aURnazBCUkRqUVpBX0JkWGQ2d2ZpazExTEt6TV9vcTZ2Ug?oc=5
2026-08-10 21:24:38,958 INFO robots.txt declined direct fetch; relying on RSS, indexed search results or authorised APIs instead: https://news.google.com/rss/articles/CBMiugFBVV95cUxPMG5jc1dJeWJRWFBOUHNyQVFmVTlDTllPN2YwYnl4MVNGTVB5OTBtSThBZnJVS1VCaVE1Y0FvaGlYYjBHd1BlRWVVSnYyTkIxQ2NGdXl0d2syN2NhNWxKVEZMM0tvWmdjOUN5V21GVWNjV2gycUgwVVRLWVA5cTVLb2JsX051VE54dTNvUUJzV1FQdmRFV19xdXpXSnhpeWdyX3pjakgycGV5UER6U19qOEtQdEtaWUpZN2c?oc=5
2026-08-10 21:24:38,959 ERROR OpenAI is unavailable; refusing to publish generic filler for https://news.google.com/rss/articles/CBMiugFBVV95cUxPMG5jc1dJeWJRWFBOUHNyQVFmVTlDTllPN2YwYnl4MVNGTVB5OTBtSThBZnJVS1VCaVE1Y0FvaGlYYjBHd1BlRWVVSnYyTkIxQ2NGdXl0d2syN2NhNWxKVEZMM0tvWmdjOUN5V21GVWNjV2gycUgwVVRLWVA5cTVLb2JsX051VE54dTNvUUJzV1FQdmRFV19xdXpXSnhpeWdyX3pjakgycGV5UER6U19qOEtQdEtaWUpZN2c?oc=5
2026-08-10 21:24:38,960 INFO robots.txt declined direct fetch; relying on RSS, indexed search results or authorised APIs instead: https://news.google.com/rss/articles/CBMi3gFBVV95cUxPMlR1REFfSndMeFdQRWNEeVFQYzR4Q3JnOWJyM05qMnl0MzZaN0ppYUZiOS1DekhCUmhjU0k5THFRYlRIdnRPZGhtNWVEZm9KSG1vTDdIMzJua3oySTJvdmZNbVV1U2JJOVFST1lSS3U0cnlZWTlCdU1XM1dGaE02a1NCaVBWeWxEYzZPNzBIZjV6cWRqRHpPTnVOTEN0R0pWSl84OE81aGpxaXMxOWZiV2tqcU04T1J5TkhBMmtOVzV5NTdfVEhlbTc0T0V2MWVBa0xWU0t0b2tsbGRIaWc?oc=5
2026-08-10 21:24:38,961 ERROR OpenAI is unavailable; refusing to publish generic filler for https://news.google.com/rss/articles/CBMi3gFBVV95cUxPMlR1REFfSndMeFdQRWNEeVFQYzR4Q3JnOWJyM05qMnl0MzZaN0ppYUZiOS1DekhCUmhjU0k5THFRYlRIdnRPZGhtNWVEZm9KSG1vTDdIMzJua3oySTJvdmZNbVV1U2JJOVFST1lSS3U0cnlZWTlCdU1XM1dGaE02a1NCaVBWeWxEYzZPNzBIZjV6cWRqRHpPTnVOTEN0R0pWSl84OE81aGpxaXMxOWZiV2tqcU04T1J5TkhBMmtOVzV5NTdfVEhlbTc0T0V2MWVBa0xWU0t0b2tsbGRIaWc?oc=5
2026-08-10 21:24:38,964 ERROR OpenAI is unavailable; refusing to publish generic filler for https://www.rochvalleyradio.com/news/local-news/new-care-home-in-rochdale-approved/
2026-08-10 21:24:38,965 INFO robots.txt declined direct fetch; relying on RSS, indexed search results or authorised APIs instead: https://news.google.com/rss/articles/CBMivwFBVV95cUxONUQzaTVEUjBYQm9ydGN6X3A4X1k4bGNQdUZTT201UkhyeW12TkY1Y1FsaWlmZlJaMHBfTWlWZXlmSlZhOEtldm5IdzZlNExtSGFSSGxvSjNLOE1lNkxNOUZLV0lDWXVOYzYxUFBMcDlFS2U3Z0VlZXJjNkpRckJvVk13OGFiM2xDY29WeDFwNXVlR0w2cWF3MmpYdGQ4SFV6YkxURXdCTU1RZjdSVm5BdzBSdmdKYmx0NEZTelZ2WQ?oc=5
2026-08-10 21:24:38,966 ERROR OpenAI is unavailable; refusing to publish generic filler for https://news.google.com/rss/articles/CBMivwFBVV95cUxONUQzaTVEUjBYQm9ydGN6X3A4X1k4bGNQdUZTT201UkhyeW12TkY1Y1FsaWlmZlJaMHBfTWlWZXlmSlZhOEtldm5IdzZlNExtSGFSSGxvSjNLOE1lNkxNOUZLV0lDWXVOYzYxUFBMcDlFS2U3Z0VlZXJjNkpRckJvVk13OGFiM2xDY29WeDFwNXVlR0w2cWF3MmpYdGQ4SFV6YkxURXdCTU1RZjdSVm5BdzBSdmdKYmx0NEZTelZ2WQ?oc=5
2026-08-10 21:24:38,993 ERROR OpenAI is unavailable; refusing to publish generic filler for https://www.rochvalleyradio.com/local/photos/rochdale-feel-good-festival-and-omd-2026/
2026-08-10 21:24:39,325 ERROR OpenAI is unavailable; refusing to publish generic filler for https://trustinhaven.com/2026/08/09/haven-continue-end-of-season-charge-for-the-play-offs-rochdale-hornets-22-24-whitehaven/
2026-08-10 21:24:39,475 ERROR OpenAI is unavailable; refusing to publish generic filler for https://www.manchestereveningnews.co.uk/whats-on/music-nightlife-news/electro-pop-pioneers-omd-make-34425018
2026-08-10 21:24:39,602 ERROR OpenAI is unavailable; refusing to publish generic filler for https://www.rochdale.gov.uk/contact-us/estates-asset-management-team-contact-details
2026-08-10 21:24:40,285 WARNING Final rewrite failed quality checks for https://ratings.food.gov.uk/open-data#rochdale-2026-08: Rewrite the long verbatim source passage.
2026-08-10 21:25:16,987 WARNING Held back 73 article(s) below the 200-word publication floor after merging: MBF Cleaning sponsors Rochdale Foodbank van to support deliveries across the borough; Free food, performances and community activities coming to Rochdale town centre this Saturday; Rochdale Events Aim to Strengthen Local Businesses; Minor Delays on Rochdale & East Didsbury Tram Line Due to Vehicle Fault; Calls for Immediate Deportation of Grooming Gang Offenders; Paddle Sport Litter Pick Held on Rochdale Canal; Lift at Derker Tram Stop Out of Service Until Further Notice; Rochdale Council to Host Annual Sensory Awareness Day; Two prison officers in Rochdale develop relationships with drug dealers; Rochdale Hornets Women Face Leigh Miners Rangers in Northern League 1
2026-08-10 21:25:17,007 INFO Complete: 129 live articles, 0 new, 18 AI/fallback attempts, 18 skipped, 25 duplicates merged
2026-08-10 21:51:05,427 INFO Skipping 4 domain(s) benched by earlier runs: rochdaleafc.co.uk, rochdaleafccommunity.org, visitrochdale.com, yourtrustrochdale.co.uk
2026-08-10 21:51:05,427 INFO Starting Rochdale Daily 15-minute pipeline
2026-08-10 21:51:06,440 WARNING Dropped editorially removed story from retained feed: Videos raise hygiene concerns at one-star Halifax Road halal meat shop
2026-08-10 21:52:04,613 INFO X social correlation inactive: add the X_BEARER_TOKEN GitHub secret.
2026-08-10 21:52:04,613 INFO Facebook comment correlation inactive: add the FACEBOOK_PAGE_ACCESS_TOKEN secret with the required Page access.
2026-08-10 21:52:04,614 INFO Reading RSS: BBC Manchester
2026-08-10 21:52:04,862 INFO Raw entries for BBC Manchester: 24
2026-08-10 21:52:10,102 INFO Reading RSS: Manchester Evening News — Rochdale
2026-08-10 21:52:10,147 INFO Raw entries for Manchester Evening News — Rochdale: 0
2026-08-10 21:52:10,147 INFO Reading RSS: Greater Manchester Fire and Rescue Service
2026-08-10 21:52:14,069 WARNING RSS warning for Greater Manchester Fire and Rescue Service: <unknown>:27:42: not well-formed (invalid token)
2026-08-10 21:52:14,069 INFO Raw entries for Greater Manchester Fire and Rescue Service: 0
2026-08-10 21:52:14,069 INFO Reading RSS: Rochdale AFC
2026-08-10 21:52:19,442 INFO Raw entries for Rochdale AFC: 0
2026-08-10 21:52:19,442 INFO Reading RSS: Google News — priority:reform-rochdale
2026-08-10 21:52:21,136 INFO Raw entries for Google News — priority:reform-rochdale: 0
2026-08-10 21:52:21,136 INFO Reading RSS: Google News — priority:reform-rochdale-local
2026-08-10 21:52:23,062 INFO Raw entries for Google News — priority:reform-rochdale-local: 60
2026-08-10 21:52:24,672 INFO Blocked prohibited source: TikTok
2026-08-10 21:52:25,695 INFO Blocked prohibited source: TikTok
2026-08-10 21:52:34,738 INFO Blocked prohibited source: TikTok
2026-08-10 21:52:37,803 INFO Reading RSS: Google News — priority:restore-rochdale
2026-08-10 21:52:39,484 INFO Raw entries for Google News — priority:restore-rochdale: 0
2026-08-10 21:52:39,484 INFO Reading RSS: Google News — priority:workers-party-rochdale
2026-08-10 21:52:41,166 INFO Raw entries for Google News — priority:workers-party-rochdale: 0
2026-08-10 21:52:41,167 INFO Reading RSS: Google News — priority:labour-rochdale
2026-08-10 21:52:42,836 INFO Raw entries for Google News — priority:labour-rochdale: 0
2026-08-10 21:52:42,836 INFO Reading RSS: Google News — priority:libdem-rochdale
2026-08-10 21:52:44,514 INFO Raw entries for Google News — priority:libdem-rochdale: 0
2026-08-10 21:52:44,514 INFO Reading RSS: Google News — priority:green-rochdale
2026-08-10 21:52:46,208 INFO Raw entries for Google News — priority:green-rochdale: 0
2026-08-10 21:52:46,208 INFO Reading RSS: Google News — priority:conservative-rochdale
2026-08-10 21:52:47,912 INFO Raw entries for Google News — priority:conservative-rochdale: 0
2026-08-10 21:52:47,912 INFO Reading RSS: Google News — priority:planning-rochdale
2026-08-10 21:52:50,105 INFO Raw entries for Google News — priority:planning-rochdale: 100
2026-08-10 21:53:09,981 WARNING Retrying (Retry(total=1, connect=2, read=0, redirect=None, status=None)) after connection broken by 'ReadTimeoutError("HTTPSConnectionPool(host='www.totaljobs.com', port=443): Read timed out. (read timeout=12)")': /
2026-08-10 21:53:25,701 INFO robots.txt declined direct fetch; relying on RSS, indexed search results or authorised APIs instead: https://www.linkedin.com
2026-08-10 21:53:25,703 INFO Blocked prohibited source: Rochdale Times
2026-08-10 21:53:29,382 INFO robots.txt declined direct fetch; relying on RSS, indexed search results or authorised APIs instead: https://uk.linkedin.com
2026-08-10 21:53:32,523 INFO Blocked prohibited source: Tes
2026-08-10 21:53:38,980 INFO robots.txt declined direct fetch; relying on RSS, indexed search results or authorised APIs instead: https://www.glassdoor.co.uk
2026-08-10 21:53:41,305 INFO Reading RSS: Google News — priority:planning-council
2026-08-10 21:53:43,029 INFO Raw entries for Google News — priority:planning-council: 2
2026-08-10 21:53:45,245 INFO Reading RSS: Google News — priority:crime-fast
2026-08-10 21:53:47,011 INFO Raw entries for Google News — priority:crime-fast: 1
2026-08-10 21:53:47,012 INFO Reading RSS: Google News — priority:crime-web
2026-08-10 21:53:49,224 INFO Raw entries for Google News — priority:crime-web: 100
2026-08-10 21:54:02,257 INFO Blocked prohibited source: Rochdale Times
2026-08-10 21:54:15,714 INFO Reading RSS: Google News — priority:water
2026-08-10 21:54:17,796 INFO Raw entries for Google News — priority:water: 100
2026-08-10 21:54:40,249 INFO Reading RSS: Google News — priority:power
2026-08-10 21:54:42,406 INFO Raw entries for Google News — priority:power: 100
2026-08-10 21:54:44,593 INFO Resolved Google News item to publisher via <source>: Manchester Evening News -> https://www.manchestereveningnews.co.uk/whats-on/music-nightlife-news/electro-pop-pioneers-omd-make-34425018
2026-08-10 21:55:03,968 INFO Reading RSS: Google News — priority:roads
2026-08-10 21:55:06,120 INFO Raw entries for Google News — priority:roads: 100
2026-08-10 21:55:29,271 INFO Reading RSS: Google News — priority:environment
2026-08-10 21:55:31,087 INFO Raw entries for Google News — priority:environment: 2
2026-08-10 21:55:31,753 INFO Reading RSS: Google News — official-gmp:1
2026-08-10 21:55:33,449 INFO Raw entries for Google News — official-gmp:1: 0
2026-08-10 21:55:33,449 INFO Reading RSS: Google News — official-gmp:2
2026-08-10 21:55:35,151 INFO Raw entries for Google News — official-gmp:2: 0
2026-08-10 21:55:35,151 INFO Reading RSS: Google News — official-gmp:3
2026-08-10 21:55:36,833 INFO Raw entries for Google News — official-gmp:3: 0
2026-08-10 21:55:36,833 INFO Reading RSS: Google News — official-gmp:4
2026-08-10 21:55:38,534 INFO Raw entries for Google News — official-gmp:4: 0
2026-08-10 21:55:38,534 INFO Reading RSS: Google News — always-traffic:1
2026-08-10 21:55:40,971 INFO Raw entries for Google News — always-traffic:1: 100
2026-08-10 21:55:56,963 INFO Blocked prohibited source: Reddit
2026-08-10 21:56:05,210 INFO Reading RSS: Google News — always-traffic:2
2026-08-10 21:56:07,236 INFO Raw entries for Google News — always-traffic:2: 100
2026-08-10 21:56:16,596 INFO Blocked prohibited source: Reddit
2026-08-10 21:56:32,737 INFO Reading RSS: Google News — always-traffic:3
2026-08-10 21:56:34,864 INFO Raw entries for Google News — always-traffic:3: 100
2026-08-10 21:56:39,360 INFO Blocked prohibited source: Apartments.com
2026-08-10 21:56:58,721 INFO Reading RSS: Google News — always-traffic:4
2026-08-10 21:57:00,430 INFO Raw entries for Google News — always-traffic:4: 0
2026-08-10 21:57:00,430 INFO Reading RSS: Google News — always-traffic:5
2026-08-10 21:57:02,125 INFO Raw entries for Google News — always-traffic:5: 0
2026-08-10 21:57:02,125 INFO Reading RSS: Google News — civic:council-actions
2026-08-10 21:57:03,810 INFO Raw entries for Google News — civic:council-actions: 0
2026-08-10 21:57:03,810 INFO Reading RSS: Google News — civic:paul-waugh
2026-08-10 21:57:05,613 INFO Raw entries for Google News — civic:paul-waugh: 11
2026-08-10 21:57:08,784 INFO Reading RSS: Google News — civic:paul-waugh-parliament
2026-08-10 21:57:10,470 INFO Raw entries for Google News — civic:paul-waugh-parliament: 0
2026-08-10 21:57:10,471 INFO Reading RSS: Google News — civic:paul-waugh-hansard
2026-08-10 21:57:12,153 INFO Raw entries for Google News — civic:paul-waugh-hansard: 0
2026-08-10 21:57:12,153 INFO Reading RSS: Google News — civic:hansard-rochdale
2026-08-10 21:57:13,830 INFO Raw entries for Google News — civic:hansard-rochdale: 0
2026-08-10 21:57:13,830 INFO Reading RSS: Google News — civic:paul-waugh-constituency
2026-08-10 21:57:15,526 INFO Raw entries for Google News — civic:paul-waugh-constituency: 0
2026-08-10 21:57:15,526 INFO Reading RSS: Google News — councillor:Andy Kelly
2026-08-10 21:57:17,351 INFO Raw entries for Google News — councillor:Andy Kelly: 8
2026-08-10 21:57:17,354 INFO Blocked prohibited source: sis.org.uk
2026-08-10 21:57:17,356 INFO Reading RSS: Google News — councillor:Waqar Khan
2026-08-10 21:57:19,138 INFO Raw entries for Google News — councillor:Waqar Khan: 0
2026-08-10 21:57:19,138 INFO Reading RSS: Google News — councillor:Mohammed Khizer
2026-08-10 21:57:20,924 INFO Raw entries for Google News — councillor:Mohammed Khizer: 0
2026-08-10 21:57:20,924 INFO Reading RSS: Google News — councillor:Rachel Massey
2026-08-10 21:57:22,777 INFO Raw entries for Google News — councillor:Rachel Massey: 9
2026-08-10 21:57:22,779 INFO Blocked prohibited source: sis.org.uk
2026-08-10 21:57:22,779 INFO Blocked prohibited source: Rochdale Times
2026-08-10 21:57:22,780 INFO Blocked prohibited source: sis.org.uk
2026-08-10 21:57:22,781 INFO Reading RSS: Google News — councillor:Daniel Meredith
2026-08-10 21:57:24,765 INFO Raw entries for Google News — councillor:Daniel Meredith: 9
2026-08-10 21:57:24,768 INFO Reading RSS: Google News — councillor:Amna Mir
2026-08-10 21:57:26,575 INFO Raw entries for Google News — councillor:Amna Mir: 1
2026-08-10 21:57:26,576 INFO Reading RSS: Google News — councillor:Amber Nisa
2026-08-10 21:57:28,351 INFO Raw entries for Google News — councillor:Amber Nisa: 1
2026-08-10 21:57:28,351 INFO Reading RSS: Google News — councillor:Paul O'Neill
2026-08-10 21:57:30,144 INFO Raw entries for Google News — councillor:Paul O'Neill: 4
2026-08-10 21:57:30,145 INFO Reading RSS: Google News — councillor:Matthew Pilkington
2026-08-10 21:57:31,960 INFO Raw entries for Google News — councillor:Matthew Pilkington: 0
2026-08-10 21:57:31,960 INFO Reading RSS: Google News — councillor:Bev Place
2026-08-10 21:57:33,758 INFO Raw entries for Google News — councillor:Bev Place: 3
2026-08-10 21:57:34,076 INFO Reading RSS: Google News — councillor:Steve Potter
2026-08-10 21:57:35,904 INFO Raw entries for Google News — councillor:Steve Potter: 0
2026-08-10 21:57:35,904 INFO Reading RSS: Google News — councillor:Faisal Rana
2026-08-10 21:57:37,714 INFO Raw entries for Google News — councillor:Faisal Rana: 9
2026-08-10 21:57:38,005 INFO Reading RSS: Google News — councillor:Aasim Rashid
2026-08-10 21:57:39,785 INFO Raw entries for Google News — councillor:Aasim Rashid: 3
2026-08-10 21:57:39,786 INFO Reading RSS: Google News — councillor:Aiza Rashid
2026-08-10 21:57:41,553 INFO Raw entries for Google News — councillor:Aiza Rashid: 0
2026-08-10 21:57:41,554 INFO Reading RSS: Google News — councillor:Linda Robinson
2026-08-10 21:57:43,349 INFO Raw entries for Google News — councillor:Linda Robinson: 1
2026-08-10 21:57:43,350 INFO Reading RSS: Google News — councillor:Mohammed Shafiq
2026-08-10 21:57:45,138 INFO Raw entries for Google News — councillor:Mohammed Shafiq: 2
2026-08-10 21:57:45,139 INFO Reading RSS: Google News — councillor:Angela Smith
2026-08-10 21:57:46,925 INFO Raw entries for Google News — councillor:Angela Smith: 1
2026-08-10 21:57:46,925 INFO Reading RSS: Google News — councillor:Susan Smith
2026-08-10 21:57:48,755 INFO Raw entries for Google News — councillor:Susan Smith: 3
2026-08-10 21:57:48,756 INFO Reading RSS: Google News — councillor:Terry Smith
2026-08-10 21:57:50,587 INFO Raw entries for Google News — councillor:Terry Smith: 0
2026-08-10 21:57:50,587 INFO Reading RSS: Google News — councillor:Mark Stephens
2026-08-10 21:57:52,371 INFO Raw entries for Google News — councillor:Mark Stephens: 0
2026-08-10 21:57:52,372 INFO Reading RSS: Google News — councillor:Jordan Tarrant-Short
2026-08-10 21:57:54,212 INFO Raw entries for Google News — councillor:Jordan Tarrant-Short: 3
2026-08-10 21:57:54,213 INFO Reading RSS: Google News — councillor:John Taylor
2026-08-10 21:57:56,011 INFO Raw entries for Google News — councillor:John Taylor: 10
2026-08-10 21:57:56,013 INFO Blocked prohibited source: sis.org.uk
2026-08-10 21:57:56,015 INFO Reading RSS: Google News — councillor:Trevor Taylor
2026-08-10 21:57:57,791 INFO Raw entries for Google News — councillor:Trevor Taylor: 0
2026-08-10 21:57:57,791 INFO Reading RSS: Google News — councillor:Carol Wardle
2026-08-10 21:57:59,590 INFO Raw entries for Google News — councillor:Carol Wardle: 5
2026-08-10 21:57:59,592 INFO Reading RSS: Google News — councillor:Shah Wazir
2026-08-10 21:58:01,408 INFO Raw entries for Google News — councillor:Shah Wazir: 10
2026-08-10 21:58:01,696 INFO Resolved Google News item to publisher via <source>: Manchester Evening News -> https://www.manchestereveningnews.co.uk/news/wildfire-warning-fireworks-rochdale-nature-34398717
2026-08-10 21:58:01,699 INFO Reading RSS: Google News — councillor:June West
2026-08-10 21:58:03,505 INFO Raw entries for Google News — councillor:June West: 3
2026-08-10 21:58:03,506 INFO Blocked prohibited source: sis.org.uk
2026-08-10 21:58:03,507 INFO Reading RSS: Google News — councillor:Dylan James Williams
2026-08-10 21:58:05,294 INFO Raw entries for Google News — councillor:Dylan James Williams: 0
2026-08-10 21:58:05,295 INFO Reading RSS: Google News — councillor:Peter Winkler
2026-08-10 21:58:07,091 INFO Raw entries for Google News — councillor:Peter Winkler: 5
2026-08-10 21:58:07,092 INFO Blocked prohibited source: sis.org.uk
2026-08-10 21:58:07,093 INFO Blocked prohibited source: PressReader
2026-08-10 21:58:07,093 INFO Reading RSS: Google News — councillor:Lee Wolf
2026-08-10 21:58:08,888 INFO Raw entries for Google News — councillor:Lee Wolf: 2
2026-08-10 21:58:08,889 INFO Reading RSS: Google News — councillor:Sameena Zaheer
2026-08-10 21:58:10,671 INFO Raw entries for Google News — councillor:Sameena Zaheer: 1
2026-08-10 21:58:10,930 INFO robots.txt declined direct fetch; relying on RSS, indexed search results or authorised APIs instead: https://www.groundwork.org.uk/greatermanchester/latest/
2026-08-10 21:58:10,930 WARNING Discovery page failed for Groundwork Greater Manchester (https://www.groundwork.org.uk/greatermanchester/latest/): robots.txt does not permit fetching https://www.groundwork.org.uk/greatermanchester/latest/
2026-08-10 21:58:10,930 INFO robots.txt declined direct fetch; relying on RSS, indexed search results or authorised APIs instead: https://www.groundwork.org.uk/greatermanchester/latest/?query-6-page=2
2026-08-10 21:58:10,930 WARNING Discovery page failed for Groundwork Greater Manchester (https://www.groundwork.org.uk/greatermanchester/latest/?query-6-page=2): robots.txt does not permit fetching https://www.groundwork.org.uk/greatermanchester/latest/?query-6-page=2
2026-08-10 21:58:10,930 INFO Discovering pages: Groundwork Greater Manchester (0 links)
2026-08-10 21:58:11,375 INFO Discovering pages: What's Occurrin' Events (7 links)
2026-08-10 21:58:11,427 INFO Skipping visitrochdale.com: benched by an earlier run after repeated timeouts.
2026-08-10 21:58:11,427 WARNING Discovery page failed for Visit Rochdale (https://www.visitrochdale.com/whats-on): visitrochdale.com is benched after failing in an earlier run
2026-08-10 21:58:11,429 INFO Discovering pages: Visit Rochdale (0 links)
2026-08-10 21:58:11,651 INFO Discovering pages: Rochdale Council Your Events (10 links)
2026-08-10 21:58:11,790 WARNING Browser render failed for https://www.rochdalecreates.co.uk/news: BrowserType.launch: Executable doesn't exist at /home/runner/.cache/ms-playwright/chromium_headless_shell-1234/chrome-headless-shell-linux64/chrome-headless-shell
╔════════════════════════════════════════════════════════════╗
║ Looks like Playwright was just installed or updated.       ║
║ Please run the following command to download new browsers: ║
║                                                            ║
║     playwright install                                     ║
║                                                            ║
║ <3 Playwright Team                                         ║
╚════════════════════════════════════════════════════════════╝
2026-08-10 21:58:11,790 WARNING Discovery page failed for Rochdale Creates News (https://www.rochdalecreates.co.uk/news): BrowserType.launch: Executable doesn't exist at /home/runner/.cache/ms-playwright/chromium_headless_shell-1234/chrome-headless-shell-linux64/chrome-headless-shell
╔════════════════════════════════════════════════════════════╗
║ Looks like Playwright was just installed or updated.       ║
║ Please run the following command to download new browsers: ║
║                                                            ║
║     playwright install                                     ║
║                                                            ║
║ <3 Playwright Team                                         ║
╚════════════════════════════════════════════════════════════╝
2026-08-10 21:58:11,790 INFO Discovering pages: Rochdale Creates News (0 links)
2026-08-10 21:58:11,814 WARNING Browser render failed for https://www.rochdalecreates.co.uk/whats-on: BrowserType.launch: Executable doesn't exist at /home/runner/.cache/ms-playwright/chromium_headless_shell-1234/chrome-headless-shell-linux64/chrome-headless-shell
╔════════════════════════════════════════════════════════════╗
║ Looks like Playwright was just installed or updated.       ║
║ Please run the following command to download new browsers: ║
║                                                            ║
║     playwright install                                     ║
║                                                            ║
║ <3 Playwright Team                                         ║
╚════════════════════════════════════════════════════════════╝
2026-08-10 21:58:11,814 WARNING Discovery page failed for Rochdale Creates What's On (https://www.rochdalecreates.co.uk/whats-on): BrowserType.launch: Executable doesn't exist at /home/runner/.cache/ms-playwright/chromium_headless_shell-1234/chrome-headless-shell-linux64/chrome-headless-shell
╔════════════════════════════════════════════════════════════╗
║ Looks like Playwright was just installed or updated.       ║
║ Please run the following command to download new browsers: ║
║                                                            ║
║     playwright install                                     ║
║                                                            ║
║ <3 Playwright Team                                         ║
╚════════════════════════════════════════════════════════════╝
2026-08-10 21:58:11,814 INFO Discovering pages: Rochdale Creates What's On (0 links)
2026-08-10 21:58:12,219 INFO Discovering pages: Action Together Latest News (40 links)
2026-08-10 21:58:12,227 INFO Discovering pages: Action Together Rochdale News (40 links)
2026-08-10 21:58:12,286 INFO robots.txt declined direct fetch; relying on RSS, indexed search results or authorised APIs instead: https://www.gmp.police.uk/news/news-search/?ct=News&fdte=&page=1&tdte=
2026-08-10 21:58:12,286 WARNING Discovery page failed for Greater Manchester Police (https://www.gmp.police.uk/news/news-search/?ct=News&fdte=&page=1&tdte=): robots.txt does not permit fetching https://www.gmp.police.uk/news/news-search/?ct=News&fdte=&page=1&tdte=
2026-08-10 21:58:12,286 INFO robots.txt declined direct fetch; relying on RSS, indexed search results or authorised APIs instead: https://www.gmp.police.uk/news/news-search/?ct=News&fdte=&page=2&tdte=
2026-08-10 21:58:12,286 WARNING Discovery page failed for Greater Manchester Police (https://www.gmp.police.uk/news/news-search/?ct=News&fdte=&page=2&tdte=): robots.txt does not permit fetching https://www.gmp.police.uk/news/news-search/?ct=News&fdte=&page=2&tdte=
2026-08-10 21:58:12,286 INFO robots.txt declined direct fetch; relying on RSS, indexed search results or authorised APIs instead: https://www.gmp.police.uk/news/news-search/?ct=News&fdte=&page=3&tdte=
2026-08-10 21:58:12,286 WARNING Discovery page failed for Greater Manchester Police (https://www.gmp.police.uk/news/news-search/?ct=News&fdte=&page=3&tdte=): robots.txt does not permit fetching https://www.gmp.police.uk/news/news-search/?ct=News&fdte=&page=3&tdte=
2026-08-10 21:58:12,286 INFO robots.txt declined direct fetch; relying on RSS, indexed search results or authorised APIs instead: https://www.gmp.police.uk/news/news-search/?ct=News&fdte=&page=4&tdte=
2026-08-10 21:58:12,287 WARNING Discovery page failed for Greater Manchester Police (https://www.gmp.police.uk/news/news-search/?ct=News&fdte=&page=4&tdte=): robots.txt does not permit fetching https://www.gmp.police.uk/news/news-search/?ct=News&fdte=&page=4&tdte=
2026-08-10 21:58:12,287 INFO robots.txt declined direct fetch; relying on RSS, indexed search results or authorised APIs instead: https://www.gmp.police.uk/news/news-search/?ct=News&fdte=&page=5&tdte=
2026-08-10 21:58:12,287 WARNING Discovery page failed for Greater Manchester Police (https://www.gmp.police.uk/news/news-search/?ct=News&fdte=&page=5&tdte=): robots.txt does not permit fetching https://www.gmp.police.uk/news/news-search/?ct=News&fdte=&page=5&tdte=
2026-08-10 21:58:12,287 INFO robots.txt declined direct fetch; relying on RSS, indexed search results or authorised APIs instead: https://www.gmp.police.uk/news/news-search/?ct=News&fdte=&page=6&tdte=
2026-08-10 21:58:12,287 WARNING Discovery page failed for Greater Manchester Police (https://www.gmp.police.uk/news/news-search/?ct=News&fdte=&page=6&tdte=): robots.txt does not permit fetching https://www.gmp.police.uk/news/news-search/?ct=News&fdte=&page=6&tdte=
2026-08-10 21:58:12,287 INFO robots.txt declined direct fetch; relying on RSS, indexed search results or authorised APIs instead: https://www.gmp.police.uk/news/news-search/?ct=News&fdte=&page=7&tdte=
2026-08-10 21:58:12,287 WARNING Discovery page failed for Greater Manchester Police (https://www.gmp.police.uk/news/news-search/?ct=News&fdte=&page=7&tdte=): robots.txt does not permit fetching https://www.gmp.police.uk/news/news-search/?ct=News&fdte=&page=7&tdte=
2026-08-10 21:58:12,287 INFO robots.txt declined direct fetch; relying on RSS, indexed search results or authorised APIs instead: https://www.gmp.police.uk/news/news-search/?ct=News&fdte=&page=8&tdte=
2026-08-10 21:58:12,287 WARNING Discovery page failed for Greater Manchester Police (https://www.gmp.police.uk/news/news-search/?ct=News&fdte=&page=8&tdte=): robots.txt does not permit fetching https://www.gmp.police.uk/news/news-search/?ct=News&fdte=&page=8&tdte=
2026-08-10 21:58:12,288 INFO robots.txt declined direct fetch; relying on RSS, indexed search results or authorised APIs instead: https://www.gmp.police.uk/news/news-search/?ct=Appeals&fdte=&page=1&tdte=
2026-08-10 21:58:12,288 WARNING Discovery page failed for Greater Manchester Police (https://www.gmp.police.uk/news/news-search/?ct=Appeals&fdte=&page=1&tdte=): robots.txt does not permit fetching https://www.gmp.police.uk/news/news-search/?ct=Appeals&fdte=&page=1&tdte=
2026-08-10 21:58:12,288 INFO robots.txt declined direct fetch; relying on RSS, indexed search results or authorised APIs instead: https://www.gmp.police.uk/news/news-search/?ct=Appeals&fdte=&page=2&tdte=
2026-08-10 21:58:12,289 INFO robots.txt declined direct fetch; relying on RSS, indexed search results or authorised APIs instead: https://news.tfgm.com/
2026-08-10 21:58:12,289 WARNING Discovery page failed for Greater Manchester Police (https://www.gmp.police.uk/news/news-search/?ct=Appeals&fdte=&page=2&tdte=): robots.txt does not permit fetching https://www.gmp.police.uk/news/news-search/?ct=Appeals&fdte=&page=2&tdte=
2026-08-10 21:58:12,289 WARNING Discovery page failed for TfGM Newsroom (https://news.tfgm.com/): robots.txt does not permit fetching https://news.tfgm.com/
2026-08-10 21:58:12,289 INFO robots.txt declined direct fetch; relying on RSS, indexed search results or authorised APIs instead: https://www.gmp.police.uk/news/news-search/?ct=Appeals&fdte=&page=3&tdte=
2026-08-10 21:58:12,290 WARNING Discovery page failed for Greater Manchester Police (https://www.gmp.police.uk/news/news-search/?ct=Appeals&fdte=&page=3&tdte=): robots.txt does not permit fetching https://www.gmp.police.uk/news/news-search/?ct=Appeals&fdte=&page=3&tdte=
2026-08-10 21:58:12,290 INFO robots.txt declined direct fetch; relying on RSS, indexed search results or authorised APIs instead: https://www.gmp.police.uk/news/news-search/?ct=Appeals&fdte=&page=4&tdte=
2026-08-10 21:58:12,290 WARNING Discovery page failed for Greater Manchester Police (https://www.gmp.police.uk/news/news-search/?ct=Appeals&fdte=&page=4&tdte=): robots.txt does not permit fetching https://www.gmp.police.uk/news/news-search/?ct=Appeals&fdte=&page=4&tdte=
2026-08-10 21:58:12,290 INFO Discovering pages: TfGM Newsroom (0 links)
2026-08-10 21:58:12,290 INFO Discovering pages: Greater Manchester Police (0 links)
2026-08-10 21:58:12,369 INFO robots.txt declined direct fetch; relying on RSS, indexed search results or authorised APIs instead: https://www.northernrailway.co.uk/service-updates
2026-08-10 21:58:12,369 WARNING Discovery page failed for Northern Service Updates (https://www.northernrailway.co.uk/service-updates): robots.txt does not permit fetching https://www.northernrailway.co.uk/service-updates
2026-08-10 21:58:12,369 INFO Discovering pages: Northern Service Updates (0 links)
2026-08-10 21:58:12,536 INFO Discovering pages: Rochdale Development Agency (11 links)
2026-08-10 21:58:12,564 INFO Discovering pages: Rochdale Borough Council News (21 links)
2026-08-10 21:58:12,678 INFO Discovering pages: Rochdale Council Events (30 links)
2026-08-10 21:58:12,680 INFO robots.txt declined direct fetch; relying on RSS, indexed search results or authorised APIs instead: https://www.unitedutilities.com/emergencies/up-my-street/
2026-08-10 21:58:12,681 WARNING Discovery page failed for United Utilities Incidents (https://www.unitedutilities.com/emergencies/up-my-street/): robots.txt does not permit fetching https://www.unitedutilities.com/emergencies/up-my-street/
2026-08-10 21:58:12,681 INFO Discovering pages: United Utilities Incidents (0 links)
2026-08-10 21:58:12,724 WARNING Discovery page failed for Greater Manchester Fire and Rescue Service (https://www.manchesterfire.gov.uk/news-events/news/): 404 Client Error: Not Found for url: https://manchesterfire.gov.uk/news-events/news/
2026-08-10 21:58:12,725 INFO Discovering pages: Greater Manchester Fire and Rescue Service (0 links)
2026-08-10 21:58:12,753 INFO robots.txt declined direct fetch; relying on RSS, indexed search results or authorised APIs instead: https://aboutmanchester.co.uk/?s=Rochdale
2026-08-10 21:58:12,754 WARNING Discovery page failed for About Manchester (https://aboutmanchester.co.uk/?s=Rochdale): robots.txt does not permit fetching https://aboutmanchester.co.uk/?s=Rochdale
2026-08-10 21:58:12,755 INFO Discovering pages: About Manchester (0 links)
2026-08-10 21:58:12,790 INFO Discovering pages: Roch Valley Radio Local News (40 links)
2026-08-10 21:58:12,839 INFO robots.txt declined direct fetch; relying on RSS, indexed search results or authorised APIs instead: https://rochdaleriverside.com/news/
2026-08-10 21:58:12,839 WARNING Discovery page failed for Rochdale Riverside News (https://rochdaleriverside.com/news/): robots.txt does not permit fetching https://rochdaleriverside.com/news/
2026-08-10 21:58:12,840 INFO Discovering pages: Rochdale Riverside News (0 links)
2026-08-10 21:58:13,066 INFO Discovering pages: Roch Valley Radio Notices (13 links)
2026-08-10 21:58:13,095 INFO robots.txt declined direct fetch; relying on RSS, indexed search results or authorised APIs instead: https://nationalhighways.co.uk/our-roads/north-west/north-west-maintenance-schemes/
2026-08-10 21:58:13,095 WARNING Discovery page failed for National Highways North West (https://nationalhighways.co.uk/our-roads/north-west/north-west-maintenance-schemes/): robots.txt does not permit fetching https://nationalhighways.co.uk/our-roads/north-west/north-west-maintenance-schemes/
2026-08-10 21:58:13,096 INFO Discovering pages: The Independent — Rochdale (40 links)
2026-08-10 21:58:13,096 INFO Discovering pages: National Highways North West (0 links)
2026-08-10 21:58:13,138 INFO Discovering pages: BBC Manchester (40 links)
2026-08-10 21:58:13,183 INFO Skipping yourtrustrochdale.co.uk: benched by an earlier run after repeated timeouts.
2026-08-10 21:58:13,184 WARNING Discovery page failed for Your Trust Rochdale News (https://www.yourtrustrochdale.co.uk/news/): yourtrustrochdale.co.uk is benched after failing in an earlier run
2026-08-10 21:58:13,184 INFO Discovering pages: Your Trust Rochdale News (0 links)
2026-08-10 21:58:13,453 WARNING Discovery page failed for Your Trust Rochdale News Archive (https://www.yourtrustrochdale.co.uk/category/news/): yourtrustrochdale.co.uk is benched after failing in an earlier run
2026-08-10 21:58:13,454 INFO Discovering pages: Your Trust Rochdale News Archive (0 links)
2026-08-10 21:58:13,579 INFO Discovering pages: GMCA News (1 links)
2026-08-10 21:58:13,795 INFO Discovering pages: Northern News (13 links)
2026-08-10 21:58:14,027 INFO Discovering pages: Rochdale Town Hall Events (17 links)
2026-08-10 21:58:14,098 INFO Discovering pages: Rochdale Boroughwide Housing (2 links)
2026-08-10 21:58:14,394 INFO Discovering pages: TfGM Travel Alerts (3 links)
2026-08-10 21:58:14,862 INFO Discovering pages: Pennine Care NHS (7 links)
2026-08-10 21:58:14,977 INFO Discovering pages: Hopwood Hall College (8 links)
2026-08-10 21:58:15,028 INFO Discovering pages: Falinge Park High School (1 links)
2026-08-10 21:58:15,047 WARNING Discovery page failed for Rochdale Valiant (https://www.rochdalevaliant.uk/): 429 Client Error: Too Many Requests for url: https://www.google.com/sorry/index?continue=https://www.rochdalevaliant.uk/&q=EgSsuR_YGPWS6dMGIi30Ofr974XO0jRCj7bELsUb35JM-HSH688JThyN4dV4-qamoegxOmFcIF-c26EyAnJSWgFD
2026-08-10 21:58:15,047 INFO Discovering pages: Rochdale Valiant (0 links)
2026-08-10 21:58:15,426 INFO Discovering pages: Northern Care Alliance Rochdale (9 links)
2026-08-10 21:58:15,450 INFO Discovering pages: Rochdale Sixth Form College (0 links)
2026-08-10 21:58:15,546 INFO Skipping rochdaleafccommunity.org: benched by an earlier run after repeated timeouts.
2026-08-10 21:58:15,547 WARNING Discovery page failed for Rochdale AFC Community Trust (https://www.rochdaleafccommunity.org/news/): rochdaleafccommunity.org is benched after failing in an earlier run
2026-08-10 21:58:15,547 INFO Discovering pages: Rochdale AFC Community Trust (0 links)
2026-08-10 21:58:15,697 WARNING Discovery page failed for Rochdale Council Webcasts (https://rochdale.public-i.tv/core/data/21235/archived/1/future/1/agenda/1/enctag/Council): Not an HTML page: text/xml;charset=UTF-8
2026-08-10 21:58:15,699 INFO Discovering pages: Rochdale Council Webcasts (0 links)
2026-08-10 21:58:15,901 INFO Discovering pages: St Cuthbert's RC High School (1 links)
2026-08-10 21:58:15,929 INFO Discovering pages: Edgar Wood Academy (6 links)
2026-08-10 21:58:15,968 INFO Discovering pages: Wardle Academy (1 links)
2026-08-10 21:58:16,023 INFO robots.txt declined direct fetch; relying on RSS, indexed search results or authorised APIs instead: https://www.hmnrconservatives.org.uk/news
2026-08-10 21:58:16,024 WARNING Discovery page failed for Heywood Middleton North and Rochdale Conservatives (https://www.hmnrconservatives.org.uk/news): robots.txt does not permit fetching https://www.hmnrconservatives.org.uk/news
2026-08-10 21:58:16,024 INFO Discovering pages: Heywood Middleton North and Rochdale Conservatives (0 links)
2026-08-10 21:58:16,056 INFO Discovering pages: Northern Care Alliance News (6 links)
2026-08-10 21:58:16,101 INFO Discovering pages: Rochdale Labour (16 links)
2026-08-10 21:58:16,371 INFO Discovering pages: Rochdale Hornets (6 links)
2026-08-10 21:58:16,596 INFO Discovering pages: Rochdale Green Party (8 links)
2026-08-10 21:58:16,769 INFO Discovering pages: Oulder Hill Leadership Academy (5 links)
2026-08-10 21:58:17,470 INFO Discovering pages: Rochdale Liberal Democrats (12 links)
2026-08-10 21:58:19,073 INFO Skipping rochdaleafc.co.uk: benched by an earlier run after repeated timeouts.
2026-08-10 21:58:19,073 WARNING Discovery page failed for Rochdale AFC (https://rochdaleafc.co.uk/news/): rochdaleafc.co.uk is benched after failing in an earlier run
2026-08-10 21:58:19,073 INFO Discovering pages: Rochdale AFC (0 links)
2026-08-10 21:58:19,473 WARNING Discovery page failed for Rochdale AFC Women (https://rochdaleafc.co.uk/rochdale-afc-women-news/): rochdaleafc.co.uk is benched after failing in an earlier run
2026-08-10 21:58:19,474 INFO Discovering pages: Rochdale AFC Women (0 links)
2026-08-10 21:59:52,833 INFO Discovering outbound publisher links: NewsNow — Rochdale
2026-08-10 21:59:54,430 INFO Discovering outbound publisher links: Ground News — Rochdale
2026-08-10 21:59:55,785 INFO robots.txt declined direct fetch; relying on RSS, indexed search results or authorised APIs instead: https://c.newsnow.co.uk/A/1321315184?-57568:46921
2026-08-10 21:59:55,786 INFO robots.txt declined direct fetch; relying on RSS, indexed search results or authorised APIs instead: https://c.newsnow.co.uk/A/1321268403?-57568:46921
2026-08-10 21:59:55,786 INFO robots.txt does not permit fetching https://c.newsnow.co.uk/A/1321315184?-57568:46921
2026-08-10 21:59:55,786 INFO robots.txt does not permit fetching https://c.newsnow.co.uk/A/1321268403?-57568:46921
2026-08-10 21:59:55,786 INFO robots.txt declined direct fetch; relying on RSS, indexed search results or authorised APIs instead: https://c.newsnow.co.uk/A/1321206145?-57568:46921
2026-08-10 21:59:55,787 INFO robots.txt declined direct fetch; relying on RSS, indexed search results or authorised APIs instead: https://c.newsnow.co.uk/A/1321188791?-57568:46921
2026-08-10 21:59:55,787 INFO robots.txt does not permit fetching https://c.newsnow.co.uk/A/1321188791?-57568:46921
2026-08-10 21:59:55,787 INFO robots.txt does not permit fetching https://c.newsnow.co.uk/A/1321206145?-57568:46921
2026-08-10 21:59:55,788 INFO robots.txt declined direct fetch; relying on RSS, indexed search results or authorised APIs instead: https://c.newsnow.co.uk/A/1321002913?-57568:46921
2026-08-10 21:59:55,789 INFO robots.txt declined direct fetch; relying on RSS, indexed search results or authorised APIs instead: https://c.newsnow.co.uk/A/1321160940?-57568:46921
2026-08-10 21:59:55,789 INFO robots.txt declined direct fetch; relying on RSS, indexed search results or authorised APIs instead: https://c.newsnow.co.uk/A/1321156665?-57568:46921
2026-08-10 21:59:55,789 INFO robots.txt does not permit fetching https://c.newsnow.co.uk/A/1321002913?-57568:46921
2026-08-10 21:59:55,790 INFO robots.txt declined direct fetch; relying on RSS, indexed search results or authorised APIs instead: https://c.newsnow.co.uk/A/1321219652?-57568:46921
2026-08-10 21:59:55,790 INFO robots.txt does not permit fetching https://c.newsnow.co.uk/A/1321160940?-57568:46921
2026-08-10 21:59:55,795 INFO robots.txt declined direct fetch; relying on RSS, indexed search results or authorised APIs instead: https://c.newsnow.co.uk/A/1321100343?-57568:46921
2026-08-10 21:59:55,791 INFO robots.txt declined direct fetch; relying on RSS, indexed search results or authorised APIs instead: https://c.newsnow.co.uk/A/1321235447?-57568:46921
2026-08-10 21:59:55,791 INFO robots.txt declined direct fetch; relying on RSS, indexed search results or authorised APIs instead: https://c.newsnow.co.uk/A/1321126821?-57568:46921
2026-08-10 21:59:55,792 INFO robots.txt declined direct fetch; relying on RSS, indexed search results or authorised APIs instead: https://c.newsnow.co.uk/A/1320613995?-57568:46921
2026-08-10 21:59:55,795 INFO robots.txt does not permit fetching https://c.newsnow.co.uk/A/1321219652?-57568:46921
2026-08-10 21:59:55,790 INFO robots.txt does not permit fetching https://c.newsnow.co.uk/A/1321156665?-57568:46921
2026-08-10 21:59:55,796 INFO robots.txt does not permit fetching https://c.newsnow.co.uk/A/1321100343?-57568:46921
2026-08-10 21:59:55,797 INFO robots.txt declined direct fetch; relying on RSS, indexed search results or authorised APIs instead: https://c.newsnow.co.uk/A/1321318208?-57568:46921
2026-08-10 21:59:55,797 INFO robots.txt does not permit fetching https://c.newsnow.co.uk/A/1321235447?-57568:46921
2026-08-10 21:59:55,797 INFO robots.txt does not permit fetching https://c.newsnow.co.uk/A/1321126821?-57568:46921
2026-08-10 21:59:55,797 INFO robots.txt does not permit fetching https://c.newsnow.co.uk/A/1320613995?-57568:46921
2026-08-10 21:59:55,797 INFO robots.txt declined direct fetch; relying on RSS, indexed search results or authorised APIs instead: https://c.newsnow.co.uk/A/1321074740?-57568:46921
2026-08-10 21:59:55,798 INFO robots.txt declined direct fetch; relying on RSS, indexed search results or authorised APIs instead: https://c.newsnow.co.uk/A/1321032893?-57568:46921
2026-08-10 21:59:55,798 INFO robots.txt declined direct fetch; relying on RSS, indexed search results or authorised APIs instead: https://c.newsnow.co.uk/A/1321030240?-57568:46921
2026-08-10 21:59:55,798 INFO robots.txt does not permit fetching https://c.newsnow.co.uk/A/1321318208?-57568:46921
2026-08-10 21:59:55,799 INFO robots.txt declined direct fetch; relying on RSS, indexed search results or authorised APIs instead: https://c.newsnow.co.uk/A/1321004458?-57568:46921
2026-08-10 21:59:55,800 INFO robots.txt declined direct fetch; relying on RSS, indexed search results or authorised APIs instead: https://c.newsnow.co.uk/A/1320314009?-57568:46921
2026-08-10 21:59:55,800 INFO robots.txt declined direct fetch; relying on RSS, indexed search results or authorised APIs instead: https://c.newsnow.co.uk/A/1320974564?-57568:46921
2026-08-10 21:59:55,800 INFO robots.txt declined direct fetch; relying on RSS, indexed search results or authorised APIs instead: https://c.newsnow.co.uk/A/1320916537?-57568:46921
2026-08-10 21:59:55,801 INFO robots.txt does not permit fetching https://c.newsnow.co.uk/A/1321074740?-57568:46921
2026-08-10 21:59:55,801 INFO robots.txt does not permit fetching https://c.newsnow.co.uk/A/1321032893?-57568:46921
2026-08-10 21:59:55,801 INFO robots.txt declined direct fetch; relying on RSS, indexed search results or authorised APIs instead: https://c.newsnow.co.uk/A/1320908828?-57568:46921
2026-08-10 21:59:55,801 INFO robots.txt declined direct fetch; relying on RSS, indexed search results or authorised APIs instead: https://c.newsnow.co.uk/A/1320884509?-57568:46921
2026-08-10 21:59:55,802 INFO robots.txt does not permit fetching https://c.newsnow.co.uk/A/1321004458?-57568:46921
2026-08-10 21:59:55,802 INFO robots.txt declined direct fetch; relying on RSS, indexed search results or authorised APIs instead: https://c.newsnow.co.uk/A/1321230821?-57568:46921
2026-08-10 21:59:55,803 INFO robots.txt does not permit fetching https://c.newsnow.co.uk/A/1320314009?-57568:46921
2026-08-10 21:59:55,803 INFO robots.txt declined direct fetch; relying on RSS, indexed search results or authorised APIs instead: https://c.newsnow.co.uk/A/1320759115?-57568:46921
2026-08-10 21:59:55,804 INFO robots.txt does not permit fetching https://c.newsnow.co.uk/A/1320974564?-57568:46921
2026-08-10 21:59:55,804 INFO robots.txt does not permit fetching https://c.newsnow.co.uk/A/1320916537?-57568:46921
2026-08-10 21:59:55,804 INFO robots.txt does not permit fetching https://c.newsnow.co.uk/A/1320908828?-57568:46921
2026-08-10 21:59:55,804 INFO robots.txt does not permit fetching https://c.newsnow.co.uk/A/1321030240?-57568:46921
2026-08-10 21:59:55,806 INFO robots.txt does not permit fetching https://c.newsnow.co.uk/A/1320884509?-57568:46921
2026-08-10 21:59:55,810 INFO robots.txt does not permit fetching https://c.newsnow.co.uk/A/1320759115?-57568:46921
2026-08-10 21:59:55,811 INFO robots.txt declined direct fetch; relying on RSS, indexed search results or authorised APIs instead: https://c.newsnow.co.uk/A/1321292045?-57568:46921
2026-08-10 21:59:55,812 INFO robots.txt declined direct fetch; relying on RSS, indexed search results or authorised APIs instead: https://www.linkedin.com/company/groundnews
2026-08-10 21:59:55,812 INFO robots.txt does not permit fetching https://www.linkedin.com/company/groundnews
2026-08-10 21:59:55,814 INFO robots.txt does not permit fetching https://c.newsnow.co.uk/A/1321230821?-57568:46921
2026-08-10 21:59:55,816 INFO robots.txt does not permit fetching https://c.newsnow.co.uk/A/1321292045?-57568:46921
2026-08-10 21:59:55,820 INFO robots.txt declined direct fetch; relying on RSS, indexed search results or authorised APIs instead: https://c.newsnow.co.uk/A/1320219207?-57568:46921
2026-08-10 21:59:55,830 INFO robots.txt does not permit fetching https://c.newsnow.co.uk/A/1320219207?-57568:46921
2026-08-10 22:00:05,529 WARNING Live page failed for Northern live service updates: robots.txt does not permit fetching https://www.northernrailway.co.uk/service-updates
2026-08-10 22:00:18,071 WARNING Retrying (Retry(total=1, connect=2, read=0, redirect=None, status=None)) after connection broken by 'ReadTimeoutError("HTTPSConnectionPool(host='environment.data.gov.uk', port=443): Read timed out. (read timeout=12)")': /flood-monitoring/id/floods?lat=53.6097&long=-2.1561&dist=25
2026-08-10 22:00:30,554 WARNING Environment Agency flood feed unavailable: HTTPSConnectionPool(host='environment.data.gov.uk', port=443): Max retries exceeded with url: /flood-monitoring/id/floods?lat=53.6097&long=-2.1561&dist=25 (Caused by ReadTimeoutError("HTTPSConnectionPool(host='environment.data.gov.uk', port=443): Read timed out. (read timeout=12)"))
2026-08-10 22:00:33,614 WARNING Google News browser resolution stopped early: BrowserType.launch: Executable doesn't exist at /home/runner/.cache/ms-playwright/chromium_headless_shell-1234/chrome-headless-shell-linux64/chrome-headless-shell
╔════════════════════════════════════════════════════════════╗
║ Looks like Playwright was just installed or updated.       ║
║ Please run the following command to download new browsers: ║
║                                                            ║
║     playwright install                                     ║
║                                                            ║
║ <3 Playwright Team                                         ║
╚════════════════════════════════════════════════════════════╝
2026-08-10 22:00:33,617 INFO Google News resolution: 0/26 newly resolved (2 served from cache).
2026-08-10 22:00:36,131 INFO Google News wrappers: 34 seen, 3 resolved, 2 gained article text, 3 gained a publisher image, 0 re-attributed to the real publisher.
2026-08-10 22:00:37,649 INFO Candidate volume: 64 raw items -> 43 story clusters
2026-08-10 22:00:42,461 INFO Balanced selection: 15 eligible -> 15 selected; categories=['business', 'community', 'crime', 'education', 'environment', 'health', 'news', 'traffic']; wards=['Spotland and Falinge']
2026-08-10 22:00:42,466 ERROR OpenAI is unavailable; refusing to publish generic filler for https://yespunjab.com/uk-grooming-gang-cases-put-pakistan-under-scrutiny-over-child-protection-accountability/
2026-08-10 22:00:42,472 ERROR OpenAI is unavailable; refusing to publish generic filler for https://www.rochvalleyradio.com/news/local-news/controversial-student-housing-scheme-refusal-appealed-by-developer/
2026-08-10 22:00:42,476 ERROR OpenAI is unavailable; refusing to publish generic filler for https://www.rochvalleyradio.com/news/local-news/prestwich-sisters-secure-sainsburys-listing-after-recovering-from-warehouse-fire/
2026-08-10 22:00:42,482 ERROR OpenAI is unavailable; refusing to publish generic filler for https://www.manchestereveningnews.co.uk/news/greater-manchester-news/this-eviction-making-really-ill-34417506
2026-08-10 22:00:42,492 ERROR OpenAI is unavailable; refusing to publish generic filler for https://www.bbc.co.uk/news/articles/c3r03q48445o
2026-08-10 22:00:42,571 INFO robots.txt declined direct fetch; relying on RSS, indexed search results or authorised APIs instead: https://news.google.com/rss/articles/CBMiUkFVX3lxTE5SNDk3aWhBR3JPQnBoYTJrcDYwV08xckRmMEpDNVA5R0JMNVpOMWZsVlo1ZmdDWk9XWnlYSmxMUnh4LWxzWmFzSTJ1TTE0RW13eHc?oc=5
2026-08-10 22:00:42,572 INFO robots.txt declined direct fetch; relying on RSS, indexed search results or authorised APIs instead: https://news.google.com/rss/articles/CBMi2gFBVV95cUxNczUyS0FiZXBndmdRZ1dPNEhTd1UybHE3MXhrQ3BHU0o2V0J5SUozT3JrTzU3N1U2Mi0tSHVWa0FTZ3l0Y3ZTWGxOaEg1aG9pZUFDcDJqaXVTWTROWGFtbDhsQXVTZTR1Tzh6SDdWNS1UcFZNOXdPZ29ST3JGRjZySXY4aWo2cVlYYkdURkx0bWJTLUxIUk9zRFQ3TVJ1eS0yenhaTEQ5dDBxUzM0MTU2cHNlOEdQWmFqbHpUejZDd08wVjQ1aDBrYjAyTUpLdUo0R3NIc1JUY21Rdw?oc=5
2026-08-10 22:00:42,573 INFO robots.txt declined direct fetch; relying on RSS, indexed search results or authorised APIs instead: https://news.google.com/rss/articles/CBMiugFBVV95cUxPMG5jc1dJeWJRWFBOUHNyQVFmVTlDTllPN2YwYnl4MVNGTVB5OTBtSThBZnJVS1VCaVE1Y0FvaGlYYjBHd1BlRWVVSnYyTkIxQ2NGdXl0d2syN2NhNWxKVEZMM0tvWmdjOUN5V21GVWNjV2gycUgwVVRLWVA5cTVLb2JsX051VE54dTNvUUJzV1FQdmRFV19xdXpXSnhpeWdyX3pjakgycGV5UER6U19qOEtQdEtaWUpZN2c?oc=5
2026-08-10 22:00:42,573 ERROR OpenAI is unavailable; refusing to publish generic filler for https://news.google.com/rss/articles/CBMiUkFVX3lxTE5SNDk3aWhBR3JPQnBoYTJrcDYwV08xckRmMEpDNVA5R0JMNVpOMWZsVlo1ZmdDWk9XWnlYSmxMUnh4LWxzWmFzSTJ1TTE0RW13eHc?oc=5
2026-08-10 22:00:42,574 INFO robots.txt declined direct fetch; relying on RSS, indexed search results or authorised APIs instead: https://news.google.com/rss/articles/CBMi3gFBVV95cUxQajdSMElOR2JCd3FtYTBtekJWQjJscUZVRTJqaVV6SVZ4aEdpb1oyNFJzN3ZHM2hLbTBULW0yMUR2Q0RRM2pFRDhHY1FkT0IzZUtoUWFSN0ZiMk1SZHZ0YTZsUmlnXzdoTU5QNklsY3J3UG5GekVRdWNSaTVaa0pETVlQZERkRnBpVEdLRzZmTEFmbmlISkFFSFhxbEV5RnQyc3NVZ1pibGdwajBHOHpSbzZ5QUp2Zm0yNnRobktvaGR1ZkJka1RjYjVIQkFyaUZVWUVScWs5X0NJQ1dQU1E?oc=5
2026-08-10 22:00:42,574 ERROR OpenAI is unavailable; refusing to publish generic filler for https://news.google.com/rss/articles/CBMiugFBVV95cUxPMG5jc1dJeWJRWFBOUHNyQVFmVTlDTllPN2YwYnl4MVNGTVB5OTBtSThBZnJVS1VCaVE1Y0FvaGlYYjBHd1BlRWVVSnYyTkIxQ2NGdXl0d2syN2NhNWxKVEZMM0tvWmdjOUN5V21GVWNjV2gycUgwVVRLWVA5cTVLb2JsX051VE54dTNvUUJzV1FQdmRFV19xdXpXSnhpeWdyX3pjakgycGV5UER6U19qOEtQdEtaWUpZN2c?oc=5
2026-08-10 22:00:42,577 ERROR OpenAI is unavailable; refusing to publish generic filler for https://news.google.com/rss/articles/CBMi2gFBVV95cUxNczUyS0FiZXBndmdRZ1dPNEhTd1UybHE3MXhrQ3BHU0o2V0J5SUozT3JrTzU3N1U2Mi0tSHVWa0FTZ3l0Y3ZTWGxOaEg1aG9pZUFDcDJqaXVTWTROWGFtbDhsQXVTZTR1Tzh6SDdWNS1UcFZNOXdPZ29ST3JGRjZySXY4aWo2cVlYYkdURkx0bWJTLUxIUk9zRFQ3TVJ1eS0yenhaTEQ5dDBxUzM0MTU2cHNlOEdQWmFqbHpUejZDd08wVjQ1aDBrYjAyTUpLdUo0R3NIc1JUY21Rdw?oc=5
2026-08-10 22:00:42,583 ERROR OpenAI is unavailable; refusing to publish generic filler for https://www.rochvalleyradio.com/news/local-news/new-care-home-in-rochdale-approved/
2026-08-10 22:00:42,584 INFO robots.txt declined direct fetch; relying on RSS, indexed search results or authorised APIs instead: https://news.google.com/rss/articles/CBMivwFBVV95cUxONUQzaTVEUjBYQm9ydGN6X3A4X1k4bGNQdUZTT201UkhyeW12TkY1Y1FsaWlmZlJaMHBfTWlWZXlmSlZhOEtldm5IdzZlNExtSGFSSGxvSjNLOE1lNkxNOUZLV0lDWXVOYzYxUFBMcDlFS2U3Z0VlZXJjNkpRckJvVk13OGFiM2xDY29WeDFwNXVlR0w2cWF3MmpYdGQ4SFV6YkxURXdCTU1RZjdSVm5BdzBSdmdKYmx0NEZTelZ2WQ?oc=5
2026-08-10 22:00:42,584 ERROR OpenAI is unavailable; refusing to publish generic filler for https://news.google.com/rss/articles/CBMivwFBVV95cUxONUQzaTVEUjBYQm9ydGN6X3A4X1k4bGNQdUZTT201UkhyeW12TkY1Y1FsaWlmZlJaMHBfTWlWZXlmSlZhOEtldm5IdzZlNExtSGFSSGxvSjNLOE1lNkxNOUZLV0lDWXVOYzYxUFBMcDlFS2U3Z0VlZXJjNkpRckJvVk13OGFiM2xDY29WeDFwNXVlR0w2cWF3MmpYdGQ4SFV6YkxURXdCTU1RZjdSVm5BdzBSdmdKYmx0NEZTelZ2WQ?oc=5
2026-08-10 22:00:42,620 ERROR OpenAI is unavailable; refusing to publish generic filler for https://www.rochvalleyradio.com/local/photos/rochdale-feel-good-festival-and-omd-2026/
2026-08-10 22:00:43,330 ERROR OpenAI is unavailable; refusing to publish generic filler for https://www.manchestereveningnews.co.uk/news/wildfire-warning-fireworks-rochdale-nature-34398717
2026-08-10 22:00:43,382 ERROR OpenAI is unavailable; refusing to publish generic filler for https://www.manchestereveningnews.co.uk/whats-on/music-nightlife-news/electro-pop-pioneers-omd-make-34425018
2026-08-10 22:00:43,467 ERROR OpenAI is unavailable; refusing to publish generic filler for https://www.rochdale.gov.uk/contact-us/estates-asset-management-team-contact-details
2026-08-10 22:00:44,066 WARNING Final rewrite failed quality checks for https://ratings.food.gov.uk/open-data#rochdale-2026-08: Rewrite the long verbatim source passage.
2026-08-10 22:01:32,130 WARNING Held back 73 article(s) below the 200-word publication floor after merging: MBF Cleaning sponsors Rochdale Foodbank van to support deliveries across the borough; Free food, performances and community activities coming to Rochdale town centre this Saturday; Rochdale Events Aim to Strengthen Local Businesses; Minor Delays on Rochdale & East Didsbury Tram Line Due to Vehicle Fault; Calls for Immediate Deportation of Grooming Gang Offenders; Paddle Sport Litter Pick Held on Rochdale Canal; Lift at Derker Tram Stop Out of Service Until Further Notice; Rochdale Council to Host Annual Sensory Awareness Day; Two prison officers in Rochdale develop relationships with drug dealers; Rochdale Hornets Women Face Leigh Miners Rangers in Northern League 1
2026-08-10 22:01:32,154 INFO Complete: 129 live articles, 0 new, 15 AI/fallback attempts, 15 skipped, 21 duplicates merged
2026-08-10 22:26:25,954 INFO Skipping 4 domain(s) benched by earlier runs: rochdaleafc.co.uk, rochdaleafccommunity.org, visitrochdale.com, yourtrustrochdale.co.uk
2026-08-10 22:26:25,954 INFO Starting Rochdale Daily 15-minute pipeline
2026-08-10 22:26:26,963 WARNING Dropped editorially removed story from retained feed: Videos raise hygiene concerns at one-star Halifax Road halal meat shop
2026-08-10 22:27:24,355 INFO X social correlation inactive: add the X_BEARER_TOKEN GitHub secret.
2026-08-10 22:27:24,355 INFO Facebook comment correlation inactive: add the FACEBOOK_PAGE_ACCESS_TOKEN secret with the required Page access.
2026-08-10 22:27:24,356 INFO Reading RSS: BBC Manchester
2026-08-10 22:27:24,845 INFO Raw entries for BBC Manchester: 24
2026-08-10 22:27:30,041 INFO Reading RSS: Manchester Evening News — Rochdale
2026-08-10 22:27:30,230 INFO Raw entries for Manchester Evening News — Rochdale: 0
2026-08-10 22:27:30,231 INFO Reading RSS: Greater Manchester Fire and Rescue Service
2026-08-10 22:27:31,381 WARNING RSS warning for Greater Manchester Fire and Rescue Service: <unknown>:27:42: not well-formed (invalid token)
2026-08-10 22:27:31,381 INFO Raw entries for Greater Manchester Fire and Rescue Service: 0
2026-08-10 22:27:31,381 INFO Reading RSS: Rochdale AFC
2026-08-10 22:27:36,164 INFO Raw entries for Rochdale AFC: 0
2026-08-10 22:27:36,164 INFO Reading RSS: Google News — priority:reform-rochdale
2026-08-10 22:27:37,891 INFO Raw entries for Google News — priority:reform-rochdale: 0
2026-08-10 22:27:37,891 INFO Reading RSS: Google News — priority:reform-rochdale-local
2026-08-10 22:27:39,735 INFO Raw entries for Google News — priority:reform-rochdale-local: 63
2026-08-10 22:27:41,817 INFO Blocked prohibited source: TikTok
2026-08-10 22:27:42,576 INFO Blocked prohibited source: TikTok
2026-08-10 22:27:51,530 INFO Blocked prohibited source: TikTok
2026-08-10 22:27:55,054 INFO Reading RSS: Google News — priority:restore-rochdale
2026-08-10 22:27:56,762 INFO Raw entries for Google News — priority:restore-rochdale: 0
2026-08-10 22:27:56,762 INFO Reading RSS: Google News — priority:workers-party-rochdale
2026-08-10 22:27:58,466 INFO Raw entries for Google News — priority:workers-party-rochdale: 0
2026-08-10 22:27:58,467 INFO Reading RSS: Google News — priority:labour-rochdale
2026-08-10 22:28:00,199 INFO Raw entries for Google News — priority:labour-rochdale: 0
2026-08-10 22:28:00,199 INFO Reading RSS: Google News — priority:libdem-rochdale
2026-08-10 22:28:01,909 INFO Raw entries for Google News — priority:libdem-rochdale: 0
2026-08-10 22:28:01,910 INFO Reading RSS: Google News — priority:green-rochdale
2026-08-10 22:28:03,616 INFO Raw entries for Google News — priority:green-rochdale: 0
2026-08-10 22:28:03,617 INFO Reading RSS: Google News — priority:conservative-rochdale
2026-08-10 22:28:05,336 INFO Raw entries for Google News — priority:conservative-rochdale: 0
2026-08-10 22:28:05,336 INFO Reading RSS: Google News — priority:planning-rochdale
2026-08-10 22:28:07,430 INFO Raw entries for Google News — priority:planning-rochdale: 100
2026-08-10 22:28:26,675 WARNING Retrying (Retry(total=1, connect=2, read=0, redirect=None, status=None)) after connection broken by 'ReadTimeoutError("HTTPSConnectionPool(host='www.totaljobs.com', port=443): Read timed out. (read timeout=12)")': /
2026-08-10 22:28:42,553 INFO robots.txt declined direct fetch; relying on RSS, indexed search results or authorised APIs instead: https://www.linkedin.com
2026-08-10 22:28:42,555 INFO Blocked prohibited source: Rochdale Times
2026-08-10 22:28:47,285 INFO robots.txt declined direct fetch; relying on RSS, indexed search results or authorised APIs instead: https://uk.linkedin.com
2026-08-10 22:28:50,215 INFO Blocked prohibited source: Tes
2026-08-10 22:28:55,170 INFO robots.txt declined direct fetch; relying on RSS, indexed search results or authorised APIs instead: https://www.glassdoor.co.uk
2026-08-10 22:28:58,108 INFO Reading RSS: Google News — priority:planning-council
2026-08-10 22:28:59,867 INFO Raw entries for Google News — priority:planning-council: 2
2026-08-10 22:29:04,028 INFO Reading RSS: Google News — priority:crime-fast
2026-08-10 22:29:05,816 INFO Raw entries for Google News — priority:crime-fast: 1
2026-08-10 22:29:05,817 INFO Reading RSS: Google News — priority:crime-web
2026-08-10 22:29:07,938 INFO Raw entries for Google News — priority:crime-web: 100
2026-08-10 22:29:21,921 INFO Blocked prohibited source: Rochdale Times
2026-08-10 22:29:34,638 INFO Reading RSS: Google News — priority:water
2026-08-10 22:29:36,763 INFO Raw entries for Google News — priority:water: 100
2026-08-10 22:29:59,109 INFO Reading RSS: Google News — priority:power
2026-08-10 22:30:01,442 INFO Raw entries for Google News — priority:power: 100
2026-08-10 22:30:04,052 INFO Resolved Google News item to publisher via <source>: Manchester Evening News -> https://www.manchestereveningnews.co.uk/whats-on/music-nightlife-news/electro-pop-pioneers-omd-make-34425018
2026-08-10 22:30:22,090 INFO Reading RSS: Google News — priority:roads
2026-08-10 22:30:24,192 INFO Raw entries for Google News — priority:roads: 100
2026-08-10 22:30:47,464 INFO Reading RSS: Google News — priority:environment
2026-08-10 22:30:49,347 INFO Raw entries for Google News — priority:environment: 2
2026-08-10 22:30:50,054 INFO Reading RSS: Google News — official-gmp:1
2026-08-10 22:30:51,785 INFO Raw entries for Google News — official-gmp:1: 0
2026-08-10 22:30:51,785 INFO Reading RSS: Google News — official-gmp:2
2026-08-10 22:30:53,514 INFO Raw entries for Google News — official-gmp:2: 0
2026-08-10 22:30:53,514 INFO Reading RSS: Google News — official-gmp:3
2026-08-10 22:30:55,242 INFO Raw entries for Google News — official-gmp:3: 0
2026-08-10 22:30:55,242 INFO Reading RSS: Google News — official-gmp:4
2026-08-10 22:30:56,962 INFO Raw entries for Google News — official-gmp:4: 0
2026-08-10 22:30:56,962 INFO Reading RSS: Google News — always-traffic:1
2026-08-10 22:30:59,145 INFO Raw entries for Google News — always-traffic:1: 100
2026-08-10 22:31:23,188 INFO Reading RSS: Google News — always-traffic:2
2026-08-10 22:31:25,226 INFO Raw entries for Google News — always-traffic:2: 100
2026-08-10 22:31:33,741 INFO Blocked prohibited source: Reddit
2026-08-10 22:31:49,843 INFO Reading RSS: Google News — always-traffic:3
2026-08-10 22:31:51,951 INFO Raw entries for Google News — always-traffic:3: 100
2026-08-10 22:31:56,166 INFO Blocked prohibited source: Apartments.com
2026-08-10 22:32:16,132 INFO Reading RSS: Google News — always-traffic:4
2026-08-10 22:32:17,857 INFO Raw entries for Google News — always-traffic:4: 0
2026-08-10 22:32:17,857 INFO Reading RSS: Google News — always-traffic:5
2026-08-10 22:32:19,563 INFO Raw entries for Google News — always-traffic:5: 0
2026-08-10 22:32:19,563 INFO Reading RSS: Google News — civic:council-actions
2026-08-10 22:32:21,284 INFO Raw entries for Google News — civic:council-actions: 0
2026-08-10 22:32:21,284 INFO Reading RSS: Google News — civic:paul-waugh
2026-08-10 22:32:23,049 INFO Raw entries for Google News — civic:paul-waugh: 11
2026-08-10 22:32:26,236 INFO Reading RSS: Google News — civic:paul-waugh-parliament
2026-08-10 22:32:27,932 INFO Raw entries for Google News — civic:paul-waugh-parliament: 0
2026-08-10 22:32:27,932 INFO Reading RSS: Google News — civic:paul-waugh-hansard
2026-08-10 22:32:29,631 INFO Raw entries for Google News — civic:paul-waugh-hansard: 0
2026-08-10 22:32:29,631 INFO Reading RSS: Google News — civic:hansard-rochdale
2026-08-10 22:32:31,349 INFO Raw entries for Google News — civic:hansard-rochdale: 0
2026-08-10 22:32:31,349 INFO Reading RSS: Google News — civic:paul-waugh-constituency
2026-08-10 22:32:33,059 INFO Raw entries for Google News — civic:paul-waugh-constituency: 0
2026-08-10 22:32:33,059 INFO Reading RSS: Google News — councillor:Farooq Ahmed
2026-08-10 22:32:34,851 INFO Raw entries for Google News — councillor:Farooq Ahmed: 8
2026-08-10 22:32:34,855 INFO Reading RSS: Google News — councillor:Shakil Ahmed
2026-08-10 22:32:36,668 INFO Raw entries for Google News — councillor:Shakil Ahmed: 9
2026-08-10 22:32:36,670 INFO Blocked prohibited source: Rochdale Times
2026-08-10 22:32:36,672 INFO Reading RSS: Google News — councillor:Daalat Ali
2026-08-10 22:32:38,528 INFO Raw entries for Google News — councillor:Daalat Ali: 6
2026-08-10 22:32:38,529 INFO Blocked prohibited source: sis.org.uk
2026-08-10 22:32:38,530 INFO Blocked prohibited source: Rochdale Times
2026-08-10 22:32:38,531 INFO Reading RSS: Google News — councillor:Stephen Anstee
2026-08-10 22:32:40,405 INFO Raw entries for Google News — councillor:Stephen Anstee: 5
2026-08-10 22:32:40,407 INFO Reading RSS: Google News — councillor:Elizabeth Atewologun
2026-08-10 22:32:42,190 INFO Raw entries for Google News — councillor:Elizabeth Atewologun: 0
2026-08-10 22:32:42,190 INFO Reading RSS: Google News — councillor:Tricia Ayrton
2026-08-10 22:32:44,008 INFO Raw entries for Google News — councillor:Tricia Ayrton: 10
2026-08-10 22:32:44,010 INFO Blocked prohibited source: sis.org.uk
2026-08-10 22:32:44,012 INFO Reading RSS: Google News — councillor:David Bamford
2026-08-10 22:32:45,845 INFO Raw entries for Google News — councillor:David Bamford: 0
2026-08-10 22:32:45,845 INFO Reading RSS: Google News — councillor:Philip Barrett
2026-08-10 22:32:47,640 INFO Raw entries for Google News — councillor:Philip Barrett: 0
2026-08-10 22:32:47,640 INFO Reading RSS: Google News — councillor:Philip Beal
2026-08-10 22:32:49,444 INFO Raw entries for Google News — councillor:Philip Beal: 0
2026-08-10 22:32:49,444 INFO Reading RSS: Google News — councillor:Tom Besford
2026-08-10 22:32:51,301 INFO Raw entries for Google News — councillor:Tom Besford: 10
2026-08-10 22:32:51,304 INFO Reading RSS: Google News — councillor:John Blundell
2026-08-10 22:32:53,161 INFO Raw entries for Google News — councillor:John Blundell: 10
2026-08-10 22:32:53,164 INFO Reading RSS: Google News — councillor:Adam Branton
2026-08-10 22:32:54,993 INFO Raw entries for Google News — councillor:Adam Branton: 1
2026-08-10 22:32:54,994 INFO Reading RSS: Google News — councillor:Kathryn Bromfield
2026-08-10 22:32:56,794 INFO Raw entries for Google News — councillor:Kathryn Bromfield: 1
2026-08-10 22:32:56,795 INFO Reading RSS: Google News — councillor:Stuart Crawford
2026-08-10 22:32:58,587 INFO Raw entries for Google News — councillor:Stuart Crawford: 0
2026-08-10 22:32:58,587 INFO Reading RSS: Google News — councillor:Patricia Mary Dale
2026-08-10 22:33:00,453 INFO Raw entries for Google News — councillor:Patricia Mary Dale: 0
2026-08-10 22:33:00,453 INFO Reading RSS: Google News — watch:1
2026-08-10 22:33:02,187 INFO Raw entries for Google News — watch:1: 4
2026-08-10 22:33:03,275 INFO Reading RSS: Google News — watch:2
2026-08-10 22:33:04,985 INFO Raw entries for Google News — watch:2: 0
2026-08-10 22:33:04,985 INFO Reading RSS: Google News — watch:3
2026-08-10 22:33:06,692 INFO Raw entries for Google News — watch:3: 0
2026-08-10 22:33:06,692 INFO Reading RSS: Google News — watch:4
2026-08-10 22:33:08,401 INFO Raw entries for Google News — watch:4: 0
2026-08-10 22:33:08,401 INFO Reading RSS: Google News — watch:5
2026-08-10 22:33:10,108 INFO Raw entries for Google News — watch:5: 0
2026-08-10 22:33:10,108 INFO Reading RSS: Google News — watch:6
2026-08-10 22:33:11,816 INFO Raw entries for Google News — watch:6: 0
2026-08-10 22:33:11,816 INFO Reading RSS: Google News — watch:7
2026-08-10 22:33:13,882 INFO Raw entries for Google News — watch:7: 100
2026-08-10 22:33:24,566 INFO Blocked prohibited source: TikTok
2026-08-10 22:33:24,826 INFO Blocked prohibited source: TikTok
2026-08-10 22:33:26,148 INFO Blocked prohibited source: TikTok
2026-08-10 22:33:26,411 INFO Blocked prohibited source: YouTube
2026-08-10 22:33:26,412 INFO Blocked prohibited source: TikTok
2026-08-10 22:33:26,412 INFO Blocked prohibited source: TikTok
2026-08-10 22:33:26,958 INFO Blocked prohibited source: TikTok
2026-08-10 22:33:26,959 INFO Blocked prohibited source: TikTok
2026-08-10 22:33:26,959 INFO Blocked prohibited source: TikTok
2026-08-10 22:33:28,581 INFO Blocked prohibited source: TikTok
2026-08-10 22:33:28,582 INFO Blocked prohibited source: TikTok
2026-08-10 22:33:29,668 INFO Blocked prohibited source: TikTok
2026-08-10 22:33:29,668 INFO Blocked prohibited source: TikTok
2026-08-10 22:33:29,669 INFO Blocked prohibited source: TikTok
2026-08-10 22:33:29,669 INFO Blocked prohibited source: TikTok
2026-08-10 22:33:29,670 INFO Blocked prohibited source: TikTok
2026-08-10 22:33:29,670 INFO Blocked prohibited source: TikTok
2026-08-10 22:33:30,467 INFO Blocked prohibited source: TikTok
2026-08-10 22:33:30,467 INFO Blocked prohibited source: TikTok
2026-08-10 22:33:31,003 INFO Blocked prohibited source: TikTok
2026-08-10 22:33:31,522 INFO Blocked prohibited source: TikTok
2026-08-10 22:33:31,523 INFO Blocked prohibited source: Reddit
2026-08-10 22:33:31,523 INFO Blocked prohibited source: TikTok
2026-08-10 22:33:31,789 INFO Blocked prohibited source: TikTok
2026-08-10 22:33:32,072 INFO Blocked prohibited source: TikTok
2026-08-10 22:33:32,072 INFO Blocked prohibited source: TikTok
2026-08-10 22:33:32,073 INFO Blocked prohibited source: YouTube
2026-08-10 22:33:32,073 INFO Reading RSS: Google News — watch:8
2026-08-10 22:33:34,089 INFO Raw entries for Google News — watch:8: 100
2026-08-10 22:33:41,422 INFO Blocked prohibited source: TikTok
2026-08-10 22:33:41,958 INFO Blocked prohibited source: TikTok
2026-08-10 22:33:43,275 INFO Blocked prohibited source: TikTok
2026-08-10 22:33:43,276 INFO Blocked prohibited source: TikTok
2026-08-10 22:33:44,339 INFO Blocked prohibited source: YouTube
2026-08-10 22:33:46,205 INFO Blocked prohibited source: YouTube
2026-08-10 22:33:46,483 INFO Blocked prohibited source: TikTok
2026-08-10 22:33:46,484 INFO Blocked prohibited source: YouTube
2026-08-10 22:33:46,747 INFO Blocked prohibited source: TikTok
2026-08-10 22:33:48,090 INFO Blocked prohibited source: TikTok
2026-08-10 22:33:50,280 INFO Blocked prohibited source: TikTok
2026-08-10 22:33:53,497 INFO Blocked prohibited source: TikTok
2026-08-10 22:33:54,856 INFO Blocked prohibited source: YouTube
2026-08-10 22:33:57,247 INFO Reading RSS: Google News — watch:9
2026-08-10 22:33:59,087 INFO Raw entries for Google News — watch:9: 55
2026-08-10 22:33:59,638 INFO Blocked prohibited source: TikTok
2026-08-10 22:33:59,911 INFO Blocked prohibited source: TikTok
2026-08-10 22:33:59,912 INFO Blocked prohibited source: TikTok
2026-08-10 22:34:00,710 INFO Blocked prohibited source: TikTok
2026-08-10 22:34:01,251 INFO Blocked prohibited source: TikTok
2026-08-10 22:34:05,067 INFO Blocked prohibited source: TikTok
2026-08-10 22:34:05,347 INFO Blocked prohibited source: TikTok
2026-08-10 22:34:05,611 INFO Blocked prohibited source: TikTok
2026-08-10 22:34:05,870 INFO Blocked prohibited source: TikTok
2026-08-10 22:34:05,870 INFO Blocked prohibited source: TikTok
2026-08-10 22:34:06,971 INFO Blocked prohibited source: TikTok
2026-08-10 22:34:06,971 INFO Blocked prohibited source: TikTok
2026-08-10 22:34:07,526 INFO Blocked prohibited source: TikTok
2026-08-10 22:34:07,526 INFO Blocked prohibited source: TikTok
2026-08-10 22:34:07,527 INFO Blocked prohibited source: TikTok
2026-08-10 22:34:07,527 INFO Blocked prohibited source: TikTok
2026-08-10 22:34:08,349 INFO Blocked prohibited source: TikTok
2026-08-10 22:34:08,628 INFO Blocked prohibited source: TikTok
2026-08-10 22:34:09,162 INFO Reading RSS: Google News — watch:10
2026-08-10 22:34:11,116 INFO Raw entries for Google News — watch:10: 88
2026-08-10 22:34:13,565 INFO Blocked prohibited source: TikTok
2026-08-10 22:34:13,565 INFO Blocked prohibited source: TikTok
2026-08-10 22:34:13,566 INFO Blocked prohibited source: TikTok
2026-08-10 22:34:13,566 INFO Blocked prohibited source: TikTok
2026-08-10 22:34:14,092 INFO Blocked prohibited source: TikTok
2026-08-10 22:34:20,550 INFO Blocked prohibited source: TikTok
2026-08-10 22:34:21,015 INFO Blocked prohibited source: Reddit
2026-08-10 22:34:23,775 INFO Blocked prohibited source: TikTok
2026-08-10 22:34:24,009 INFO Blocked prohibited source: Reddit
2026-08-10 22:34:25,766 INFO Blocked prohibited source: TikTok
2026-08-10 22:34:26,806 INFO Blocked prohibited source: TikTok
2026-08-10 22:34:26,806 INFO Blocked prohibited source: Reddit
2026-08-10 22:34:29,616 INFO Reading RSS: Google News — watch:11
2026-08-10 22:34:31,463 INFO Raw entries for Google News — watch:11: 39
2026-08-10 22:34:37,381 INFO Blocked prohibited source: TikTok
2026-08-10 22:34:38,763 INFO Blocked prohibited source: TikTok
2026-08-10 22:34:41,499 INFO Reading RSS: Google News — watch:12
2026-08-10 22:34:43,846 INFO Raw entries for Google News — watch:12: 100
2026-08-10 22:34:53,692 INFO Blocked prohibited source: TikTok
2026-08-10 22:34:53,971 INFO Blocked prohibited source: YouTube
2026-08-10 22:34:57,278 INFO Blocked prohibited source: TikTok
2026-08-10 22:34:57,279 INFO Blocked prohibited source: TikTok
2026-08-10 22:34:59,714 INFO Blocked prohibited source: TikTok
2026-08-10 22:35:00,233 INFO Blocked prohibited source: TikTok
2026-08-10 22:35:02,115 INFO Blocked prohibited source: TikTok
2026-08-10 22:35:06,100 INFO Blocked prohibited source: TikTok
2026-08-10 22:35:08,221 INFO Reading RSS: Google News — watch:13
2026-08-10 22:35:10,246 INFO Raw entries for Google News — watch:13: 100
2026-08-10 22:35:26,373 INFO Blocked prohibited source: TikTok
2026-08-10 22:35:28,005 INFO Blocked prohibited source: TikTok
2026-08-10 22:35:28,005 INFO Blocked prohibited source: TikTok
2026-08-10 22:35:28,006 INFO Blocked prohibited source: TikTok
2026-08-10 22:35:29,049 INFO Blocked prohibited source: TikTok
2026-08-10 22:35:34,943 INFO Reading RSS: Google News — topic:healey-dell-viaduct
2026-08-10 22:35:36,705 INFO Raw entries for Google News — topic:healey-dell-viaduct: 4
2026-08-10 22:35:37,503 INFO Blocked prohibited source: TikTok
2026-08-10 22:35:37,503 INFO Reading RSS: Google News — topic:healey-dell-robbery
2026-08-10 22:35:39,244 INFO Raw entries for Google News — topic:healey-dell-robbery: 0
2026-08-10 22:35:39,244 INFO Reading RSS: Google News — topic:healey-dell-fishing
2026-08-10 22:35:40,950 INFO Raw entries for Google News — topic:healey-dell-fishing: 0
2026-08-10 22:35:40,950 INFO Reading RSS: Google News — topic:milkstone-road-takeaway
2026-08-10 22:35:42,660 INFO Raw entries for Google News — topic:milkstone-road-takeaway: 0
2026-08-10 22:35:42,660 INFO Reading RSS: Google News — topic:milkstone-road-speeding
2026-08-10 22:35:44,383 INFO Raw entries for Google News — topic:milkstone-road-speeding: 3
2026-08-10 22:35:45,207 INFO Reading RSS: Google News — topic:bamford-house-prices
2026-08-10 22:35:46,925 INFO Raw entries for Google News — topic:bamford-house-prices: 0
2026-08-10 22:35:46,925 INFO Reading RSS: Google News — topic:norden-school-results
2026-08-10 22:35:48,641 INFO Raw entries for Google News — topic:norden-school-results: 0
2026-08-10 22:35:48,641 INFO Reading RSS: Google News — topic:bamford-restaurant
2026-08-10 22:35:50,425 INFO Raw entries for Google News — topic:bamford-restaurant: 15
2026-08-10 22:35:52,569 INFO Blocked prohibited source: TikTok
2026-08-10 22:35:53,369 INFO Blocked prohibited source: TikTok
2026-08-10 22:35:53,687 INFO Blocked prohibited source: TikTok
2026-08-10 22:35:53,687 INFO Reading RSS: Google News — topic:norden-golf-club
2026-08-10 22:35:55,404 INFO Raw entries for Google News — topic:norden-golf-club: 0
2026-08-10 22:35:55,573 INFO robots.txt declined direct fetch; relying on RSS, indexed search results or authorised APIs instead: https://www.groundwork.org.uk/greatermanchester/latest/
2026-08-10 22:35:55,574 WARNING Discovery page failed for Groundwork Greater Manchester (https://www.groundwork.org.uk/greatermanchester/latest/): robots.txt does not permit fetching https://www.groundwork.org.uk/greatermanchester/latest/
2026-08-10 22:35:55,574 INFO robots.txt declined direct fetch; relying on RSS, indexed search results or authorised APIs instead: https://www.groundwork.org.uk/greatermanchester/latest/?query-6-page=2
2026-08-10 22:35:55,574 WARNING Discovery page failed for Groundwork Greater Manchester (https://www.groundwork.org.uk/greatermanchester/latest/?query-6-page=2): robots.txt does not permit fetching https://www.groundwork.org.uk/greatermanchester/latest/?query-6-page=2
2026-08-10 22:35:55,578 INFO Discovering pages: Groundwork Greater Manchester (0 links)
2026-08-10 22:35:56,187 INFO Skipping visitrochdale.com: benched by an earlier run after repeated timeouts.
2026-08-10 22:35:56,187 WARNING Discovery page failed for Visit Rochdale (https://www.visitrochdale.com/whats-on): visitrochdale.com is benched after failing in an earlier run
2026-08-10 22:35:56,188 INFO Discovering pages: Visit Rochdale (0 links)
2026-08-10 22:35:56,204 INFO Discovering pages: What's Occurrin' Events (7 links)
2026-08-10 22:35:56,583 INFO Discovering pages: Rochdale Council Your Events (10 links)
2026-08-10 22:35:56,678 WARNING Browser render failed for https://www.rochdalecreates.co.uk/whats-on: BrowserType.launch: Executable doesn't exist at /home/runner/.cache/ms-playwright/chromium_headless_shell-1234/chrome-headless-shell-linux64/chrome-headless-shell
╔════════════════════════════════════════════════════════════╗
║ Looks like Playwright was just installed or updated.       ║
║ Please run the following command to download new browsers: ║
║                                                            ║
║     playwright install                                     ║
║                                                            ║
║ <3 Playwright Team                                         ║
╚════════════════════════════════════════════════════════════╝
2026-08-10 22:35:56,678 WARNING Discovery page failed for Rochdale Creates What's On (https://www.rochdalecreates.co.uk/whats-on): BrowserType.launch: Executable doesn't exist at /home/runner/.cache/ms-playwright/chromium_headless_shell-1234/chrome-headless-shell-linux64/chrome-headless-shell
╔════════════════════════════════════════════════════════════╗
║ Looks like Playwright was just installed or updated.       ║
║ Please run the following command to download new browsers: ║
║                                                            ║
║     playwright install                                     ║
║                                                            ║
║ <3 Playwright Team                                         ║
╚════════════════════════════════════════════════════════════╝
2026-08-10 22:35:56,681 INFO Discovering pages: Rochdale Creates What's On (0 links)
2026-08-10 22:35:56,683 WARNING Browser render failed for https://www.rochdalecreates.co.uk/news: BrowserType.launch: Executable doesn't exist at /home/runner/.cache/ms-playwright/chromium_headless_shell-1234/chrome-headless-shell-linux64/chrome-headless-shell
╔════════════════════════════════════════════════════════════╗
║ Looks like Playwright was just installed or updated.       ║
║ Please run the following command to download new browsers: ║
║                                                            ║
║     playwright install                                     ║
║                                                            ║
║ <3 Playwright Team                                         ║
╚════════════════════════════════════════════════════════════╝
2026-08-10 22:35:56,683 WARNING Discovery page failed for Rochdale Creates News (https://www.rochdalecreates.co.uk/news): BrowserType.launch: Executable doesn't exist at /home/runner/.cache/ms-playwright/chromium_headless_shell-1234/chrome-headless-shell-linux64/chrome-headless-shell
╔════════════════════════════════════════════════════════════╗
║ Looks like Playwright was just installed or updated.       ║
║ Please run the following command to download new browsers: ║
║                                                            ║
║     playwright install                                     ║
║                                                            ║
║ <3 Playwright Team                                         ║
╚════════════════════════════════════════════════════════════╝
2026-08-10 22:35:56,683 INFO Discovering pages: Rochdale Creates News (0 links)
2026-08-10 22:35:57,007 INFO Discovering pages: Action Together Rochdale News (40 links)
2026-08-10 22:35:57,017 INFO Discovering pages: Action Together Latest News (40 links)
2026-08-10 22:35:57,138 INFO robots.txt declined direct fetch; relying on RSS, indexed search results or authorised APIs instead: https://news.tfgm.com/
2026-08-10 22:35:57,138 WARNING Discovery page failed for TfGM Newsroom (https://news.tfgm.com/): robots.txt does not permit fetching https://news.tfgm.com/
2026-08-10 22:35:57,138 INFO Discovering pages: TfGM Newsroom (0 links)
2026-08-10 22:35:57,237 INFO Skipping yourtrustrochdale.co.uk: benched by an earlier run after repeated timeouts.
2026-08-10 22:35:57,237 WARNING Discovery page failed for Your Trust Rochdale News (https://www.yourtrustrochdale.co.uk/news/): yourtrustrochdale.co.uk is benched after failing in an earlier run
2026-08-10 22:35:57,238 INFO Discovering pages: Your Trust Rochdale News (0 links)
2026-08-10 22:35:57,284 INFO Discovering pages: Rochdale Development Agency (11 links)
2026-08-10 22:35:57,460 WARNING Discovery page failed for Your Trust Rochdale News Archive (https://www.yourtrustrochdale.co.uk/category/news/): yourtrustrochdale.co.uk is benched after failing in an earlier run
2026-08-10 22:35:57,460 INFO Discovering pages: Your Trust Rochdale News Archive (0 links)
2026-08-10 22:35:57,465 INFO robots.txt declined direct fetch; relying on RSS, indexed search results or authorised APIs instead: https://www.northernrailway.co.uk/service-updates
2026-08-10 22:35:57,465 WARNING Discovery page failed for Northern Service Updates (https://www.northernrailway.co.uk/service-updates): robots.txt does not permit fetching https://www.northernrailway.co.uk/service-updates
2026-08-10 22:35:57,467 INFO Discovering pages: Northern Service Updates (0 links)
2026-08-10 22:35:57,518 INFO Discovering pages: Rochdale Borough Council News (21 links)
2026-08-10 22:35:57,675 INFO Discovering pages: Rochdale Council Events (30 links)
2026-08-10 22:35:57,734 INFO robots.txt declined direct fetch; relying on RSS, indexed search results or authorised APIs instead: https://www.unitedutilities.com/emergencies/up-my-street/
2026-08-10 22:35:57,735 WARNING Discovery page failed for United Utilities Incidents (https://www.unitedutilities.com/emergencies/up-my-street/): robots.txt does not permit fetching https://www.unitedutilities.com/emergencies/up-my-street/
2026-08-10 22:35:57,736 INFO Discovering pages: United Utilities Incidents (0 links)
2026-08-10 22:35:57,768 INFO Discovering pages: Roch Valley Radio Local News (40 links)
2026-08-10 22:35:57,772 WARNING Discovery page failed for Greater Manchester Fire and Rescue Service (https://www.manchesterfire.gov.uk/news-events/news/): 404 Client Error: Not Found for url: https://manchesterfire.gov.uk/news-events/news/
2026-08-10 22:35:57,775 INFO Discovering pages: Greater Manchester Fire and Rescue Service (0 links)
2026-08-10 22:35:57,780 INFO robots.txt declined direct fetch; relying on RSS, indexed search results or authorised APIs instead: https://www.gmp.police.uk/news/news-search/?ct=News&fdte=&page=1&tdte=
2026-08-10 22:35:57,780 WARNING Discovery page failed for Greater Manchester Police (https://www.gmp.police.uk/news/news-search/?ct=News&fdte=&page=1&tdte=): robots.txt does not permit fetching https://www.gmp.police.uk/news/news-search/?ct=News&fdte=&page=1&tdte=
2026-08-10 22:35:57,780 INFO robots.txt declined direct fetch; relying on RSS, indexed search results or authorised APIs instead: https://www.gmp.police.uk/news/news-search/?ct=News&fdte=&page=2&tdte=
2026-08-10 22:35:57,780 WARNING Discovery page failed for Greater Manchester Police (https://www.gmp.police.uk/news/news-search/?ct=News&fdte=&page=2&tdte=): robots.txt does not permit fetching https://www.gmp.police.uk/news/news-search/?ct=News&fdte=&page=2&tdte=
2026-08-10 22:35:57,780 INFO robots.txt declined direct fetch; relying on RSS, indexed search results or authorised APIs instead: https://www.gmp.police.uk/news/news-search/?ct=News&fdte=&page=3&tdte=
2026-08-10 22:35:57,780 WARNING Discovery page failed for Greater Manchester Police (https://www.gmp.police.uk/news/news-search/?ct=News&fdte=&page=3&tdte=): robots.txt does not permit fetching https://www.gmp.police.uk/news/news-search/?ct=News&fdte=&page=3&tdte=
2026-08-10 22:35:57,781 INFO robots.txt declined direct fetch; relying on RSS, indexed search results or authorised APIs instead: https://www.gmp.police.uk/news/news-search/?ct=News&fdte=&page=4&tdte=
2026-08-10 22:35:57,781 WARNING Discovery page failed for Greater Manchester Police (https://www.gmp.police.uk/news/news-search/?ct=News&fdte=&page=4&tdte=): robots.txt does not permit fetching https://www.gmp.police.uk/news/news-search/?ct=News&fdte=&page=4&tdte=
2026-08-10 22:35:57,781 INFO robots.txt declined direct fetch; relying on RSS, indexed search results or authorised APIs instead: https://www.gmp.police.uk/news/news-search/?ct=News&fdte=&page=5&tdte=
2026-08-10 22:35:57,781 WARNING Discovery page failed for Greater Manchester Police (https://www.gmp.police.uk/news/news-search/?ct=News&fdte=&page=5&tdte=): robots.txt does not permit fetching https://www.gmp.police.uk/news/news-search/?ct=News&fdte=&page=5&tdte=
2026-08-10 22:35:57,781 INFO robots.txt declined direct fetch; relying on RSS, indexed search results or authorised APIs instead: https://www.gmp.police.uk/news/news-search/?ct=News&fdte=&page=6&tdte=
2026-08-10 22:35:57,781 WARNING Discovery page failed for Greater Manchester Police (https://www.gmp.police.uk/news/news-search/?ct=News&fdte=&page=6&tdte=): robots.txt does not permit fetching https://www.gmp.police.uk/news/news-search/?ct=News&fdte=&page=6&tdte=
2026-08-10 22:35:57,781 INFO robots.txt declined direct fetch; relying on RSS, indexed search results or authorised APIs instead: https://www.gmp.police.uk/news/news-search/?ct=News&fdte=&page=7&tdte=
2026-08-10 22:35:57,781 WARNING Discovery page failed for Greater Manchester Police (https://www.gmp.police.uk/news/news-search/?ct=News&fdte=&page=7&tdte=): robots.txt does not permit fetching https://www.gmp.police.uk/news/news-search/?ct=News&fdte=&page=7&tdte=
2026-08-10 22:35:57,781 INFO robots.txt declined direct fetch; relying on RSS, indexed search results or authorised APIs instead: https://www.gmp.police.uk/news/news-search/?ct=News&fdte=&page=8&tdte=
2026-08-10 22:35:57,781 WARNING Discovery page failed for Greater Manchester Police (https://www.gmp.police.uk/news/news-search/?ct=News&fdte=&page=8&tdte=): robots.txt does not permit fetching https://www.gmp.police.uk/news/news-search/?ct=News&fdte=&page=8&tdte=
2026-08-10 22:35:57,781 INFO robots.txt declined direct fetch; relying on RSS, indexed search results or authorised APIs instead: https://www.gmp.police.uk/news/news-search/?ct=Appeals&fdte=&page=1&tdte=
2026-08-10 22:35:57,781 WARNING Discovery page failed for Greater Manchester Police (https://www.gmp.police.uk/news/news-search/?ct=Appeals&fdte=&page=1&tdte=): robots.txt does not permit fetching https://www.gmp.police.uk/news/news-search/?ct=Appeals&fdte=&page=1&tdte=
2026-08-10 22:35:57,781 INFO robots.txt declined direct fetch; relying on RSS, indexed search results or authorised APIs instead: https://www.gmp.police.uk/news/news-search/?ct=Appeals&fdte=&page=2&tdte=
2026-08-10 22:35:57,781 WARNING Discovery page failed for Greater Manchester Police (https://www.gmp.police.uk/news/news-search/?ct=Appeals&fdte=&page=2&tdte=): robots.txt does not permit fetching https://www.gmp.police.uk/news/news-search/?ct=Appeals&fdte=&page=2&tdte=
2026-08-10 22:35:57,781 INFO robots.txt declined direct fetch; relying on RSS, indexed search results or authorised APIs instead: https://www.gmp.police.uk/news/news-search/?ct=Appeals&fdte=&page=3&tdte=
2026-08-10 22:35:57,781 WARNING Discovery page failed for Greater Manchester Police (https://www.gmp.police.uk/news/news-search/?ct=Appeals&fdte=&page=3&tdte=): robots.txt does not permit fetching https://www.gmp.police.uk/news/news-search/?ct=Appeals&fdte=&page=3&tdte=
2026-08-10 22:35:57,781 INFO robots.txt declined direct fetch; relying on RSS, indexed search results or authorised APIs instead: https://www.gmp.police.uk/news/news-search/?ct=Appeals&fdte=&page=4&tdte=
2026-08-10 22:35:57,782 WARNING Discovery page failed for Greater Manchester Police (https://www.gmp.police.uk/news/news-search/?ct=Appeals&fdte=&page=4&tdte=): robots.txt does not permit fetching https://www.gmp.police.uk/news/news-search/?ct=Appeals&fdte=&page=4&tdte=
2026-08-10 22:35:57,782 INFO Discovering pages: Greater Manchester Police (0 links)
2026-08-10 22:35:57,813 INFO Discovering pages: Roch Valley Radio Notices (13 links)
2026-08-10 22:35:57,893 INFO robots.txt declined direct fetch; relying on RSS, indexed search results or authorised APIs instead: https://aboutmanchester.co.uk/?s=Rochdale
2026-08-10 22:35:57,893 WARNING Discovery page failed for About Manchester (https://aboutmanchester.co.uk/?s=Rochdale): robots.txt does not permit fetching https://aboutmanchester.co.uk/?s=Rochdale
2026-08-10 22:35:57,893 INFO Discovering pages: About Manchester (0 links)
2026-08-10 22:35:57,906 INFO robots.txt declined direct fetch; relying on RSS, indexed search results or authorised APIs instead: https://rochdaleriverside.com/news/
2026-08-10 22:35:57,906 WARNING Discovery page failed for Rochdale Riverside News (https://rochdaleriverside.com/news/): robots.txt does not permit fetching https://rochdaleriverside.com/news/
2026-08-10 22:35:57,908 INFO Discovering pages: Rochdale Riverside News (0 links)
2026-08-10 22:35:57,968 INFO Discovering pages: BBC Manchester (40 links)
2026-08-10 22:35:58,140 INFO Discovering pages: The Independent — Rochdale (40 links)
2026-08-10 22:35:58,257 INFO robots.txt declined direct fetch; relying on RSS, indexed search results or authorised APIs instead: https://nationalhighways.co.uk/our-roads/north-west/north-west-maintenance-schemes/
2026-08-10 22:35:58,257 WARNING Discovery page failed for National Highways North West (https://nationalhighways.co.uk/our-roads/north-west/north-west-maintenance-schemes/): robots.txt does not permit fetching https://nationalhighways.co.uk/our-roads/north-west/north-west-maintenance-schemes/
2026-08-10 22:35:58,257 INFO Discovering pages: National Highways North West (0 links)
2026-08-10 22:35:58,563 INFO Discovering pages: Northern News (13 links)
2026-08-10 22:35:58,624 INFO Discovering pages: GMCA News (1 links)
2026-08-10 22:35:59,176 INFO Discovering pages: Rochdale Town Hall Events (17 links)
2026-08-10 22:35:59,222 INFO Discovering pages: TfGM Travel Alerts (3 links)
2026-08-10 22:35:59,293 INFO Discovering pages: Rochdale Boroughwide Housing (2 links)
2026-08-10 22:35:59,299 WARNING Discovery page failed for Rochdale Council Webcasts (https://rochdale.public-i.tv/core/data/21235/archived/1/future/1/agenda/1/enctag/Council): Not an HTML page: text/xml;charset=UTF-8
2026-08-10 22:35:59,301 INFO Discovering pages: Rochdale Council Webcasts (0 links)
2026-08-10 22:35:59,624 INFO Discovering pages: Pennine Care NHS (7 links)
2026-08-10 22:35:59,929 WARNING Discovery page failed for Rochdale Valiant (https://www.rochdalevaliant.uk/): 429 Client Error: Too Many Requests for url: https://www.google.com/sorry/index?continue=https://www.rochdalevaliant.uk/&q=EgQUq37TGM6k6dMGIi15OcT88248QaBPBJN4uLxwjUsOZnp3HfdDVKTS75-ujc18hutfaywe7L3DGncyAnJSWgFD
2026-08-10 22:35:59,929 INFO Discovering pages: Rochdale Valiant (0 links)
2026-08-10 22:35:59,980 INFO Discovering pages: Northern Care Alliance Rochdale (9 links)
2026-08-10 22:36:00,052 INFO Discovering pages: Hopwood Hall College (8 links)
2026-08-10 22:36:00,073 INFO Discovering pages: Falinge Park High School (1 links)
2026-08-10 22:36:00,368 INFO Discovering pages: Rochdale Sixth Form College (0 links)
2026-08-10 22:36:00,815 INFO Discovering pages: Edgar Wood Academy (6 links)
2026-08-10 22:36:00,940 INFO Skipping rochdaleafccommunity.org: benched by an earlier run after repeated timeouts.
2026-08-10 22:36:00,941 INFO robots.txt declined direct fetch; relying on RSS, indexed search results or authorised APIs instead: https://www.hmnrconservatives.org.uk/news
2026-08-10 22:36:00,941 WARNING Discovery page failed for Rochdale AFC Community Trust (https://www.rochdaleafccommunity.org/news/): rochdaleafccommunity.org is benched after failing in an earlier run
2026-08-10 22:36:00,942 WARNING Discovery page failed for Heywood Middleton North and Rochdale Conservatives (https://www.hmnrconservatives.org.uk/news): robots.txt does not permit fetching https://www.hmnrconservatives.org.uk/news
2026-08-10 22:36:00,942 INFO Discovering pages: Rochdale AFC Community Trust (0 links)
2026-08-10 22:36:00,942 INFO Discovering pages: Heywood Middleton North and Rochdale Conservatives (0 links)
2026-08-10 22:36:00,966 INFO Discovering pages: Rochdale Hornets (6 links)
2026-08-10 22:36:00,979 INFO Discovering pages: Rochdale Labour (16 links)
2026-08-10 22:36:01,051 INFO Discovering pages: St Cuthbert's RC High School (1 links)
2026-08-10 22:36:01,061 INFO Discovering pages: Northern Care Alliance News (6 links)
2026-08-10 22:36:01,332 INFO Discovering pages: Wardle Academy (1 links)
2026-08-10 22:36:01,481 INFO Discovering pages: Rochdale Green Party (8 links)
2026-08-10 22:36:01,580 INFO Discovering pages: Oulder Hill Leadership Academy (5 links)
2026-08-10 22:36:02,015 INFO Discovering pages: Rochdale Liberal Democrats (12 links)
2026-08-10 22:36:02,750 INFO Skipping rochdaleafc.co.uk: benched by an earlier run after repeated timeouts.
2026-08-10 22:36:02,750 WARNING Discovery page failed for Rochdale AFC (https://rochdaleafc.co.uk/news/): rochdaleafc.co.uk is benched after failing in an earlier run
2026-08-10 22:36:02,750 INFO Discovering pages: Rochdale AFC (0 links)
2026-08-10 22:36:03,579 WARNING Discovery page failed for Rochdale AFC Women (https://rochdaleafc.co.uk/rochdale-afc-women-news/): rochdaleafc.co.uk is benched after failing in an earlier run
2026-08-10 22:36:03,579 INFO Discovering pages: Rochdale AFC Women (0 links)
2026-08-10 22:36:21,281 WARNING Retrying (Retry(total=1, connect=2, read=0, redirect=None, status=None)) after connection broken by 'RemoteDisconnected('Remote end closed connection without response')': /live-well
2026-08-10 22:37:38,718 INFO Discovering outbound publisher links: NewsNow — Rochdale
2026-08-10 22:37:40,154 INFO Discovering outbound publisher links: Ground News — Rochdale
2026-08-10 22:37:41,717 INFO robots.txt declined direct fetch; relying on RSS, indexed search results or authorised APIs instead: https://c.newsnow.co.uk/A/1320759115?-57568:46921
2026-08-10 22:37:41,718 INFO robots.txt does not permit fetching https://c.newsnow.co.uk/A/1320759115?-57568:46921
2026-08-10 22:37:41,719 INFO robots.txt declined direct fetch; relying on RSS, indexed search results or authorised APIs instead: https://c.newsnow.co.uk/A/1321235447?-57568:46921
2026-08-10 22:37:41,720 INFO robots.txt declined direct fetch; relying on RSS, indexed search results or authorised APIs instead: https://c.newsnow.co.uk/A/1320219207?-57568:46921
2026-08-10 22:37:41,720 INFO robots.txt declined direct fetch; relying on RSS, indexed search results or authorised APIs instead: https://c.newsnow.co.uk/A/1321206145?-57568:46921
2026-08-10 22:37:41,721 INFO robots.txt does not permit fetching https://c.newsnow.co.uk/A/1321206145?-57568:46921
2026-08-10 22:37:41,720 INFO robots.txt does not permit fetching https://c.newsnow.co.uk/A/1320219207?-57568:46921
2026-08-10 22:37:41,720 INFO robots.txt does not permit fetching https://c.newsnow.co.uk/A/1321235447?-57568:46921
2026-08-10 22:37:41,721 INFO robots.txt declined direct fetch; relying on RSS, indexed search results or authorised APIs instead: https://c.newsnow.co.uk/A/1321188791?-57568:46921
2026-08-10 22:37:41,721 INFO robots.txt declined direct fetch; relying on RSS, indexed search results or authorised APIs instead: https://c.newsnow.co.uk/A/1321160940?-57568:46921
2026-08-10 22:37:41,721 INFO robots.txt declined direct fetch; relying on RSS, indexed search results or authorised APIs instead: https://c.newsnow.co.uk/A/1321156665?-57568:46921
2026-08-10 22:37:41,721 INFO robots.txt does not permit fetching https://c.newsnow.co.uk/A/1321188791?-57568:46921
2026-08-10 22:37:41,721 INFO robots.txt does not permit fetching https://c.newsnow.co.uk/A/1321160940?-57568:46921
2026-08-10 22:37:41,722 INFO robots.txt does not permit fetching https://c.newsnow.co.uk/A/1321156665?-57568:46921
2026-08-10 22:37:41,722 INFO robots.txt declined direct fetch; relying on RSS, indexed search results or authorised APIs instead: https://c.newsnow.co.uk/A/1321074740?-57568:46921
2026-08-10 22:37:41,722 INFO robots.txt declined direct fetch; relying on RSS, indexed search results or authorised APIs instead: https://c.newsnow.co.uk/A/1321100343?-57568:46921
2026-08-10 22:37:41,722 INFO robots.txt declined direct fetch; relying on RSS, indexed search results or authorised APIs instead: https://c.newsnow.co.uk/A/1321126821?-57568:46921
2026-08-10 22:37:41,722 INFO robots.txt does not permit fetching https://c.newsnow.co.uk/A/1321074740?-57568:46921
2026-08-10 22:37:41,723 INFO robots.txt does not permit fetching https://c.newsnow.co.uk/A/1321100343?-57568:46921
2026-08-10 22:37:41,723 INFO robots.txt does not permit fetching https://c.newsnow.co.uk/A/1321126821?-57568:46921
2026-08-10 22:37:41,723 INFO robots.txt declined direct fetch; relying on RSS, indexed search results or authorised APIs instead: https://c.newsnow.co.uk/A/1321032893?-57568:46921
2026-08-10 22:37:41,723 INFO robots.txt declined direct fetch; relying on RSS, indexed search results or authorised APIs instead: https://c.newsnow.co.uk/A/1321030240?-57568:46921
2026-08-10 22:37:41,723 INFO robots.txt declined direct fetch; relying on RSS, indexed search results or authorised APIs instead: https://c.newsnow.co.uk/A/1321004458?-57568:46921
2026-08-10 22:37:41,723 INFO robots.txt does not permit fetching https://c.newsnow.co.uk/A/1321032893?-57568:46921
2026-08-10 22:37:41,723 INFO robots.txt does not permit fetching https://c.newsnow.co.uk/A/1321030240?-57568:46921
2026-08-10 22:37:41,724 INFO robots.txt declined direct fetch; relying on RSS, indexed search results or authorised APIs instead: https://c.newsnow.co.uk/A/1320916537?-57568:46921
2026-08-10 22:37:41,724 INFO robots.txt declined direct fetch; relying on RSS, indexed search results or authorised APIs instead: https://c.newsnow.co.uk/A/1320974564?-57568:46921
2026-08-10 22:37:41,724 INFO robots.txt does not permit fetching https://c.newsnow.co.uk/A/1320916537?-57568:46921
2026-08-10 22:37:41,723 INFO robots.txt does not permit fetching https://c.newsnow.co.uk/A/1321004458?-57568:46921
2026-08-10 22:37:41,724 INFO robots.txt does not permit fetching https://c.newsnow.co.uk/A/1320974564?-57568:46921
2026-08-10 22:37:41,724 INFO robots.txt declined direct fetch; relying on RSS, indexed search results or authorised APIs instead: https://c.newsnow.co.uk/A/1320908828?-57568:46921
2026-08-10 22:37:41,725 INFO robots.txt declined direct fetch; relying on RSS, indexed search results or authorised APIs instead: https://c.newsnow.co.uk/A/1320884509?-57568:46921
2026-08-10 22:37:41,725 INFO robots.txt does not permit fetching https://c.newsnow.co.uk/A/1320884509?-57568:46921
2026-08-10 22:37:41,725 INFO robots.txt does not permit fetching https://c.newsnow.co.uk/A/1320908828?-57568:46921
2026-08-10 22:37:41,728 INFO robots.txt declined direct fetch; relying on RSS, indexed search results or authorised APIs instead: https://c.newsnow.co.uk/A/1321318208?-57568:46921
2026-08-10 22:37:41,729 INFO robots.txt does not permit fetching https://c.newsnow.co.uk/A/1321318208?-57568:46921
2026-08-10 22:37:41,729 INFO robots.txt declined direct fetch; relying on RSS, indexed search results or authorised APIs instead: https://c.newsnow.co.uk/A/1321002913?-57568:46921
2026-08-10 22:37:41,731 INFO robots.txt declined direct fetch; relying on RSS, indexed search results or authorised APIs instead: https://c.newsnow.co.uk/A/1321230821?-57568:46921
2026-08-10 22:37:41,732 INFO robots.txt declined direct fetch; relying on RSS, indexed search results or authorised APIs instead: https://c.newsnow.co.uk/A/1321292045?-57568:46921
2026-08-10 22:37:41,735 INFO robots.txt declined direct fetch; relying on RSS, indexed search results or authorised APIs instead: https://c.newsnow.co.uk/A/1321315184?-57568:46921
2026-08-10 22:37:41,742 INFO robots.txt declined direct fetch; relying on RSS, indexed search results or authorised APIs instead: https://c.newsnow.co.uk/A/1320314009?-57568:46921
2026-08-10 22:37:41,746 INFO robots.txt does not permit fetching https://c.newsnow.co.uk/A/1321230821?-57568:46921
2026-08-10 22:37:41,744 INFO robots.txt does not permit fetching https://c.newsnow.co.uk/A/1321002913?-57568:46921
2026-08-10 22:37:41,744 INFO robots.txt declined direct fetch; relying on RSS, indexed search results or authorised APIs instead: https://c.newsnow.co.uk/A/1320613995?-57568:46921
2026-08-10 22:37:41,746 INFO robots.txt does not permit fetching https://c.newsnow.co.uk/A/1321315184?-57568:46921
2026-08-10 22:37:41,746 INFO robots.txt declined direct fetch; relying on RSS, indexed search results or authorised APIs instead: https://www.linkedin.com/company/groundnews
2026-08-10 22:37:41,759 INFO robots.txt does not permit fetching https://www.linkedin.com/company/groundnews
2026-08-10 22:37:41,747 INFO robots.txt does not permit fetching https://c.newsnow.co.uk/A/1321292045?-57568:46921
2026-08-10 22:37:41,757 INFO robots.txt declined direct fetch; relying on RSS, indexed search results or authorised APIs instead: https://c.newsnow.co.uk/A/1321268403?-57568:46921
2026-08-10 22:37:41,771 INFO robots.txt does not permit fetching https://c.newsnow.co.uk/A/1321268403?-57568:46921
2026-08-10 22:37:41,758 INFO robots.txt does not permit fetching https://c.newsnow.co.uk/A/1320613995?-57568:46921
2026-08-10 22:37:41,747 INFO robots.txt does not permit fetching https://c.newsnow.co.uk/A/1320314009?-57568:46921
2026-08-10 22:37:41,758 INFO robots.txt declined direct fetch; relying on RSS, indexed search results or authorised APIs instead: https://c.newsnow.co.uk/A/1321219652?-57568:46921
2026-08-10 22:37:41,781 INFO robots.txt does not permit fetching https://c.newsnow.co.uk/A/1321219652?-57568:46921
2026-08-10 22:37:49,527 WARNING Live page failed for Northern live service updates: robots.txt does not permit fetching https://www.northernrailway.co.uk/service-updates
2026-08-10 22:37:57,179 WARNING Google News browser resolution stopped early: BrowserType.launch: Executable doesn't exist at /home/runner/.cache/ms-playwright/chromium_headless_shell-1234/chrome-headless-shell-linux64/chrome-headless-shell
╔════════════════════════════════════════════════════════════╗
║ Looks like Playwright was just installed or updated.       ║
║ Please run the following command to download new browsers: ║
║                                                            ║
║     playwright install                                     ║
║                                                            ║
║ <3 Playwright Team                                         ║
╚════════════════════════════════════════════════════════════╝
2026-08-10 22:37:57,181 INFO Google News resolution: 0/30 newly resolved (4 served from cache).
2026-08-10 22:38:01,344 INFO Google News wrappers: 39 seen, 4 resolved, 2 gained article text, 3 gained a publisher image, 0 re-attributed to the real publisher.
2026-08-10 22:38:03,442 INFO Candidate volume: 68 raw items -> 49 story clusters
2026-08-10 22:38:12,511 INFO Balanced selection: 19 eligible -> 19 selected; categories=['business', 'community', 'crime', 'education', 'health', 'news', 'traffic']; wards=['Spotland and Falinge']
2026-08-10 22:38:12,526 ERROR OpenAI is unavailable; refusing to publish generic filler for https://www.rochvalleyradio.com/news/local-news/controversial-student-housing-scheme-refusal-appealed-by-developer/
2026-08-10 22:38:12,535 ERROR OpenAI is unavailable; refusing to publish generic filler for https://www.manchestereveningnews.co.uk/news/greater-manchester-news/this-eviction-making-really-ill-34417506
2026-08-10 22:38:12,542 ERROR OpenAI is unavailable; refusing to publish generic filler for https://www.bbc.co.uk/news/articles/c3r03q48445o
2026-08-10 22:38:12,613 INFO robots.txt declined direct fetch; relying on RSS, indexed search results or authorised APIs instead: https://news.google.com/rss/articles/CBMiYkFVX3lxTE01cXZYZFZSMVdfRl9feU4xT3ZEaFFUMjJKam11OTNmTGJZRVpXSmZRMnVYa1J6N3ZPeXVhMVo1MTNXUnpkUEJhUDlkRW0wejdtYUZ4aHF0bHlfa05QNkpHNE1n?oc=5
2026-08-10 22:38:12,613 ERROR OpenAI is unavailable; refusing to publish generic filler for https://news.google.com/rss/articles/CBMiYkFVX3lxTE01cXZYZFZSMVdfRl9feU4xT3ZEaFFUMjJKam11OTNmTGJZRVpXSmZRMnVYa1J6N3ZPeXVhMVo1MTNXUnpkUEJhUDlkRW0wejdtYUZ4aHF0bHlfa05QNkpHNE1n?oc=5
2026-08-10 22:38:12,617 INFO robots.txt declined direct fetch; relying on RSS, indexed search results or authorised APIs instead: https://news.google.com/rss/articles/CBMiUkFVX3lxTE5SNDk3aWhBR3JPQnBoYTJrcDYwV08xckRmMEpDNVA5R0JMNVpOMWZsVlo1ZmdDWk9XWnlYSmxMUnh4LWxzWmFzSTJ1TTE0RW13eHc?oc=5
2026-08-10 22:38:12,618 ERROR OpenAI is unavailable; refusing to publish generic filler for https://news.google.com/rss/articles/CBMiUkFVX3lxTE5SNDk3aWhBR3JPQnBoYTJrcDYwV08xckRmMEpDNVA5R0JMNVpOMWZsVlo1ZmdDWk9XWnlYSmxMUnh4LWxzWmFzSTJ1TTE0RW13eHc?oc=5
2026-08-10 22:38:12,630 INFO robots.txt declined direct fetch; relying on RSS, indexed search results or authorised APIs instead: https://news.google.com/rss/articles/CBMidkFVX3lxTFB0bTFMTDJNTzJsWEgtc2dXVnNIOHd5MnhFMGFHV2EyeDhiaGtuTGhsSFMzM2UwaV85UFNsWE00czVUZHNpaFU1b01BcjB1RUZiWk9uX2ZUcVk2em82NWcwanZkUG1OMTd0MWtoZ0kwd0xTb193aVE?oc=5
2026-08-10 22:38:12,630 ERROR OpenAI is unavailable; refusing to publish generic filler for https://news.google.com/rss/articles/CBMidkFVX3lxTFB0bTFMTDJNTzJsWEgtc2dXVnNIOHd5MnhFMGFHV2EyeDhiaGtuTGhsSFMzM2UwaV85UFNsWE00czVUZHNpaFU1b01BcjB1RUZiWk9uX2ZUcVk2em82NWcwanZkUG1OMTd0MWtoZ0kwd0xTb193aVE?oc=5
2026-08-10 22:38:12,633 INFO robots.txt declined direct fetch; relying on RSS, indexed search results or authorised APIs instead: https://news.google.com/rss/articles/CBMifEFVX3lxTE94Nl9iZlEyQ3pGSk9SbG5TNml0OE9FT3YyLVdFanVZM2JHSGJuZzNzX1lJbk5ZLU9JY0NVa0FNMDBVTWNicFhoZlNSUnNBU0drcmhBdFA0LTBfTkNlT1dHcTVkLWt1QWp5ZzRyUEZMeHFHTXptd05SWU94eHQ?oc=5
2026-08-10 22:38:12,634 ERROR OpenAI is unavailable; refusing to publish generic filler for https://news.google.com/rss/articles/CBMifEFVX3lxTE94Nl9iZlEyQ3pGSk9SbG5TNml0OE9FT3YyLVdFanVZM2JHSGJuZzNzX1lJbk5ZLU9JY0NVa0FNMDBVTWNicFhoZlNSUnNBU0drcmhBdFA0LTBfTkNlT1dHcTVkLWt1QWp5ZzRyUEZMeHFHTXptd05SWU94eHQ?oc=5
2026-08-10 22:38:12,636 ERROR OpenAI is unavailable; refusing to publish generic filler for https://yespunjab.com/uk-grooming-gang-cases-put-pakistan-under-scrutiny-over-child-protection-accountability/
2026-08-10 22:38:12,637 INFO robots.txt declined direct fetch; relying on RSS, indexed search results or authorised APIs instead: https://news.google.com/rss/articles/CBMiUkFVX3lxTE8td2dtSjRMcTdDcW1wanpUcGJnZ1h5Y043NU9kM2E4X00zRmpXRndyRFh6WXFLYWxmU05Gbmk0QWt3UHRmb3FtRkMzWHpvZU0tdEE?oc=5
2026-08-10 22:38:12,638 ERROR OpenAI is unavailable; refusing to publish generic filler for https://news.google.com/rss/articles/CBMiUkFVX3lxTE8td2dtSjRMcTdDcW1wanpUcGJnZ1h5Y043NU9kM2E4X00zRmpXRndyRFh6WXFLYWxmU05Gbmk0QWt3UHRmb3FtRkMzWHpvZU0tdEE?oc=5
2026-08-10 22:38:12,641 ERROR OpenAI is unavailable; refusing to publish generic filler for https://www.rochvalleyradio.com/news/local-news/new-care-home-in-rochdale-approved/
2026-08-10 22:38:12,642 INFO robots.txt declined direct fetch; relying on RSS, indexed search results or authorised APIs instead: https://news.google.com/rss/articles/CBMi2gFBVV95cUxNczUyS0FiZXBndmdRZ1dPNEhTd1UybHE3MXhrQ3BHU0o2V0J5SUozT3JrTzU3N1U2Mi0tSHVWa0FTZ3l0Y3ZTWGxOaEg1aG9pZUFDcDJqaXVTWTROWGFtbDhsQXVTZTR1Tzh6SDdWNS1UcFZNOXdPZ29ST3JGRjZySXY4aWo2cVlYYkdURkx0bWJTLUxIUk9zRFQ3TVJ1eS0yenhaTEQ5dDBxUzM0MTU2cHNlOEdQWmFqbHpUejZDd08wVjQ1aDBrYjAyTUpLdUo0R3NIc1JUY21Rdw?oc=5
2026-08-10 22:38:12,643 INFO robots.txt declined direct fetch; relying on RSS, indexed search results or authorised APIs instead: https://news.google.com/rss/articles/CBMi3gFBVV95cUxQajdSMElOR2JCd3FtYTBtekJWQjJscUZVRTJqaVV6SVZ4aEdpb1oyNFJzN3ZHM2hLbTBULW0yMUR2Q0RRM2pFRDhHY1FkT0IzZUtoUWFSN0ZiMk1SZHZ0YTZsUmlnXzdoTU5QNklsY3J3UG5GekVRdWNSaTVaa0pETVlQZERkRnBpVEdLRzZmTEFmbmlISkFFSFhxbEV5RnQyc3NVZ1pibGdwajBHOHpSbzZ5QUp2Zm0yNnRobktvaGR1ZkJka1RjYjVIQkFyaUZVWUVScWs5X0NJQ1dQU1E?oc=5
2026-08-10 22:38:12,643 ERROR OpenAI is unavailable; refusing to publish generic filler for https://news.google.com/rss/articles/CBMi2gFBVV95cUxNczUyS0FiZXBndmdRZ1dPNEhTd1UybHE3MXhrQ3BHU0o2V0J5SUozT3JrTzU3N1U2Mi0tSHVWa0FTZ3l0Y3ZTWGxOaEg1aG9pZUFDcDJqaXVTWTROWGFtbDhsQXVTZTR1Tzh6SDdWNS1UcFZNOXdPZ29ST3JGRjZySXY4aWo2cVlYYkdURkx0bWJTLUxIUk9zRFQ3TVJ1eS0yenhaTEQ5dDBxUzM0MTU2cHNlOEdQWmFqbHpUejZDd08wVjQ1aDBrYjAyTUpLdUo0R3NIc1JUY21Rdw?oc=5
2026-08-10 22:38:12,644 INFO robots.txt declined direct fetch; relying on RSS, indexed search results or authorised APIs instead: https://news.google.com/rss/articles/CBMivwFBVV95cUxONUQzaTVEUjBYQm9ydGN6X3A4X1k4bGNQdUZTT201UkhyeW12TkY1Y1FsaWlmZlJaMHBfTWlWZXlmSlZhOEtldm5IdzZlNExtSGFSSGxvSjNLOE1lNkxNOUZLV0lDWXVOYzYxUFBMcDlFS2U3Z0VlZXJjNkpRckJvVk13OGFiM2xDY29WeDFwNXVlR0w2cWF3MmpYdGQ4SFV6YkxURXdCTU1RZjdSVm5BdzBSdmdKYmx0NEZTelZ2WQ?oc=5
2026-08-10 22:38:12,645 ERROR OpenAI is unavailable; refusing to publish generic filler for https://news.google.com/rss/articles/CBMivwFBVV95cUxONUQzaTVEUjBYQm9ydGN6X3A4X1k4bGNQdUZTT201UkhyeW12TkY1Y1FsaWlmZlJaMHBfTWlWZXlmSlZhOEtldm5IdzZlNExtSGFSSGxvSjNLOE1lNkxNOUZLV0lDWXVOYzYxUFBMcDlFS2U3Z0VlZXJjNkpRckJvVk13OGFiM2xDY29WeDFwNXVlR0w2cWF3MmpYdGQ4SFV6YkxURXdCTU1RZjdSVm5BdzBSdmdKYmx0NEZTelZ2WQ?oc=5
2026-08-10 22:38:12,649 INFO robots.txt declined direct fetch; relying on RSS, indexed search results or authorised APIs instead: https://news.google.com/rss/articles/CBMiugFBVV95cUxPMG5jc1dJeWJRWFBOUHNyQVFmVTlDTllPN2YwYnl4MVNGTVB5OTBtSThBZnJVS1VCaVE1Y0FvaGlYYjBHd1BlRWVVSnYyTkIxQ2NGdXl0d2syN2NhNWxKVEZMM0tvWmdjOUN5V21GVWNjV2gycUgwVVRLWVA5cTVLb2JsX051VE54dTNvUUJzV1FQdmRFV19xdXpXSnhpeWdyX3pjakgycGV5UER6U19qOEtQdEtaWUpZN2c?oc=5
2026-08-10 22:38:12,649 ERROR OpenAI is unavailable; refusing to publish generic filler for https://news.google.com/rss/articles/CBMiugFBVV95cUxPMG5jc1dJeWJRWFBOUHNyQVFmVTlDTllPN2YwYnl4MVNGTVB5OTBtSThBZnJVS1VCaVE1Y0FvaGlYYjBHd1BlRWVVSnYyTkIxQ2NGdXl0d2syN2NhNWxKVEZMM0tvWmdjOUN5V21GVWNjV2gycUgwVVRLWVA5cTVLb2JsX051VE54dTNvUUJzV1FQdmRFV19xdXpXSnhpeWdyX3pjakgycGV5UER6U19qOEtQdEtaWUpZN2c?oc=5
2026-08-10 22:38:12,653 ERROR OpenAI is unavailable; refusing to publish generic filler for https://www.rochvalleyradio.com/news/local-news/prestwich-sisters-secure-sainsburys-listing-after-recovering-from-warehouse-fire/
2026-08-10 22:38:12,690 ERROR OpenAI is unavailable; refusing to publish generic filler for https://www.rochvalleyradio.com/local/photos/rochdale-feel-good-festival-and-omd-2026/
2026-08-10 22:38:13,329 ERROR OpenAI is unavailable; refusing to publish generic filler for https://www.manchestereveningnews.co.uk/whats-on/music-nightlife-news/electro-pop-pioneers-omd-make-34425018
2026-08-10 22:38:13,408 ERROR OpenAI is unavailable; refusing to publish generic filler for https://www.rochdale.gov.uk/contact-us/estates-asset-management-team-contact-details
2026-08-10 22:38:13,569 ERROR OpenAI is unavailable; refusing to publish generic filler for https://www.rochvalleyradio.com/news/uk/early-release-of-two-of-pc-andrew-harpers-killers-under-review-sky-news-understands/
2026-08-10 22:38:13,966 WARNING Final rewrite failed quality checks for https://ratings.food.gov.uk/open-data#rochdale-2026-08: Rewrite the long verbatim source passage.
2026-08-10 22:39:06,613 WARNING Held back 73 article(s) below the 200-word publication floor after merging: MBF Cleaning sponsors Rochdale Foodbank van to support deliveries across the borough; Free food, performances and community activities coming to Rochdale town centre this Saturday; Rochdale Events Aim to Strengthen Local Businesses; Minor Delays on Rochdale & East Didsbury Tram Line Due to Vehicle Fault; Calls for Immediate Deportation of Grooming Gang Offenders; Paddle Sport Litter Pick Held on Rochdale Canal; Lift at Derker Tram Stop Out of Service Until Further Notice; Rochdale Council to Host Annual Sensory Awareness Day; Two prison officers in Rochdale develop relationships with drug dealers; Rochdale Hornets Women Face Leigh Miners Rangers in Northern League 1
2026-08-10 22:39:06,636 INFO Complete: 129 live articles, 0 new, 19 AI/fallback attempts, 19 skipped, 19 duplicates merged
